,RASDSSinfo,DecSDSSinfo,zSDSSinfo,HalphaSDSSline [1e-17*erg/cm^2/s],OIII5007SDSSline [1e-17*erg/cm^2/s],OIII4959SDSSline [1e-17*erg/cm^2/s],HbetaSDSSline [1e-17*erg/cm^2/s],HdeltaSDSSline [1e-17*erg/cm^2/s],N6548SDSS [1e-17*erg/cm^2/s],N6584SDSS [1e-17*erg/cm^2/s],S6717SDSSline [1e-17*erg/cm^2/s],S6731SDSSline [1e-17*erg/cm^2/s],OII3726SDSSline [1e-17*erg/cm^2/s],OII3729SDSSline [1e-17*erg/cm^2/s],OI6300SDSSline [1e-17*erg/cm^2/s],HalphaSDSSline_ERR,OIII5007SDSSline_ERR,OIII4959SDSSline_ERR,HbetaSDSSline_ERR,HdeltaSDSSline_ERR,N6548SDSS_ERR,N6583SDSS_ERR,S6717SDSSline_ERR,S6731SDSSline_ERR,OII3726SDSSline_ERR,OII3729SDSSline_ERR,OI6300SDSSline_ERR,LOG_OH+12_T04_med,LOG_OH+12_T04_avg,Mstaravg_SDSStotlgm,Mstarmed_SDSStotlgm,Dn4000SDSSindx ,D4000SDSSindx ,Dn4000SDSSindx_err,D4000SDSSindx_err,petroRad,petroRadE,petroR50,petroR50E,petroR90,petroR90E,PETRO_MASS,MODEL_MASS,FIBER_MASS,U_PETRO_ABSMAG,G_PETRO_ABSMAG,R_PETRO_ABSMAG,I_PETRO_ABSMAG,Z_PETRO_ABSMAG,SFR_flag_all,totalSFR_Avg,totalSFR_Med,sSFR_avg_all ,sSFR_med_all ,sSFR_flag_all,fibSFR_avg_all,fibSFR_med_all,fibsSFR_avg_all,fibsSFR_med_all
0,170.86243,-0.7135721,0.040783953,1786.3784,153.9548,51.940166,497.87082,130.51161,189.65456,572.04193,406.5392,310.14575,380.55212,323.94934,40.583874,15.363735,4.557722,3.7607832,6.3900347,4.2761593,2.0077527,6.0558386,5.7970004,5.270122,9.166777,8.906784,3.1885436,8.950005,8.96001,10.27914,10.260388,1.2129507,1.3594347,1.2129507,0.00505558,6.434447,0.034390144,2.8311462,0.009270041,7.18333,0.057846073,21180443000.0,20597285000.0,3497254100.0,-19.173395,-20.294823,-20.845583,-21.112177,-21.298878,0.0,0.3935901,0.3935901,-9.91619,-9.987387,0,-0.11538787,-0.16120918,-9.658669,-9.677973
1,194.85744,-2.248459,0.047412734,604.04834,29.565199,12.1277275,97.46541,17.377388,157.60153,475.3626,89.77892,75.029305,40.515446,49.896336,23.233978,6.250317,3.553311,3.454079,3.3974235,3.6330428,1.77472,5.3529596,3.38226,3.3649251,7.4692297,7.817921,2.9366875,-99.9,-99.9,10.506907,10.485986,1.1792264,1.3007845,1.1792264,0.006708698,8.353609,0.06638361,3.5777874,0.016872551,8.858759,0.0937792,28602851000.0,28827605000.0,4248117800.0,-19.453987,-20.625687,-21.18874,-21.452806,-21.670921,0.0,1.1151601,1.1151601,-9.43488,-9.473312,0,0.9336151,0.92872703,-8.811277,-8.814051
2,121.68041,45.66057,0.03425921,1142.3121,67.04372,25.24435,264.8039,65.17416,222.68611,671.67267,140.96864,145.31726,171.19875,90.61459,17.255672,12.194876,4.078231,3.7034087,5.4062037,4.3453445,2.5203784,7.602035,4.826979,4.675019,8.547088,7.8682485,3.4294398,-99.9,-99.9,10.044665,10.032765,1.3158287,1.4734671,1.3158287,0.011069736,4.966561,0.06452496,2.0507019,0.013454637,6.196133,0.09237949,10783330000.0,11684344000.0,2996524000.0,-17.924112,-19.238478,-19.900522,-20.199064,-20.427517,0.0,-0.024479903,-0.024479903,-10.101339,-10.135715,0,-0.2523701,-0.2340486,-9.775115,-9.755755
3,160.74612,65.14625,0.042568948,488.91367,30.150215,6.587791,91.127106,13.719441,123.86494,373.60526,72.44855,78.71086,58.791862,26.958315,19.961332,5.421458,2.603471,2.4045973,2.804996,2.655951,1.5427097,4.653164,2.9344475,2.9882457,5.624605,5.5570493,2.5248716,-99.9,-99.9,10.0836525,10.0699005,1.2837607,1.4341711,1.2837607,0.010462441,4.607538,0.05698819,2.0227182,0.011593838,4.8239574,0.06687805,9347287000.0,10710148000.0,3135865900.0,-17.932993,-19.303183,-19.924921,-20.201809,-20.460398,0.0,0.34776008,0.34776008,-9.77316,-9.80594,0,0.19830368,0.20688808,-9.348495,-9.338892
4,213.96153,1.8826298,0.02558481,484.53177,138.42181,37.889744,117.668495,27.761946,100.499535,303.1298,101.488846,83.86957,85.66924,98.98616,8.8364105,6.910598,5.3043227,4.4423375,4.4587927,4.4273953,1.8304379,5.521017,4.4757085,4.3469586,11.17334,10.236516,3.4380944,-99.9,-99.9,10.060293,10.048553,1.3354205,1.5079019,1.3354205,0.011664233,8.988586,0.122001916,4.022663,0.022637611,10.634166,0.1655247,11526388000.0,12219090000.0,1385936500.0,-18.028564,-19.549454,-20.142008,-20.413507,-20.621853,0.0,-0.3870799,-0.3870799,-10.483,-10.48647,0,-0.78419256,-0.75916284,-9.914913,-9.886329
5,173.69272,2.9210336,0.028752625,5056.4375,582.50775,194.50722,1376.9236,398.02258,878.7257,2650.4397,630.65106,566.271,614.5482,458.46423,81.82576,26.81072,7.232353,5.3617883,10.508924,6.427591,4.5005865,13.574793,7.140937,6.849336,14.229919,13.376051,4.132649,-99.9,-99.9,10.145255,10.124659,1.0830927,1.1271547,1.0830927,0.00302264,9.20084,0.23456864,3.9812498,0.018096605,11.219459,0.120665565,15745174000.0,15480202000.0,2713731300.0,-19.141287,-20.04811,-20.55581,-20.787642,-20.956747,0.0,0.4296501,0.4296501,-9.75439,-9.79735,0,0.093413614,0.10905701,-9.257706,-9.239325
6,121.92081,39.004246,0.023345275,4484.5957,2533.271,762.65137,1124.2345,203.59848,1798.5438,5424.823,1057.4882,1089.0718,2827.4707,-9.628158,437.54614,45.429897,34.368057,26.052464,20.35288,14.398623,14.780445,44.58119,31.048468,30.725918,778.8866,296.7294,23.513184,-99.9,-99.9,10.359663,10.348131,1.259163,1.4476808,1.259163,0.004637266,10.705958,0.50220007,3.5798934,0.03355784,13.505131,0.19228134,31035412000.0,28312152000.0,5365928400.0,-19.220425,-20.530128,-21.156685,-21.412994,-21.589277,0.0,0.099680096,0.099680096,-10.29599,-10.3103075,0,-0.073602,-0.069128014,-9.742733,-9.737118
7,143.09238,55.919205,0.049193073,690.8153,70.38698,21.259253,178.57669,41.47648,98.18733,296.15564,139.67105,100.227,95.26062,128.43695,20.739851,5.1906915,2.3736503,2.0663836,2.8556993,2.297829,1.0983304,3.3128145,2.711661,2.44398,4.7170177,4.939641,1.9202465,9.009994,9.019983,10.208338,10.197538,1.2846603,1.4100076,1.2846603,0.007045615,5.1194825,0.08675486,2.266503,0.014135186,5.749184,0.09154651,14473051000.0,17170728000.0,3891166700.0,-18.333654,-19.70063,-20.328997,-20.594109,-20.851097,0.0,0.1250601,0.1250601,-10.1182995,-10.160124,0,-0.10642435,-0.12667182,-9.71678,-9.741398
8,150.03378,2.7651594,0.028877087,1732.6428,54.990803,28.838911,441.83603,117.42685,295.17783,890.32446,210.22762,185.44563,136.27722,103.87078,24.969107,12.330224,3.3465245,3.1886027,5.292368,3.8593397,2.305246,6.953147,4.314205,4.2420726,7.956527,7.7042246,2.9570155,9.250005,9.260027,10.136724,10.13382,1.1296427,1.1797633,1.1296427,0.0041925986,6.166751,0.20175086,2.7877448,0.009109238,6.669607,0.054905877,11381471000.0,12664956000.0,2212204500.0,-18.448465,-19.529745,-20.11015,-20.391436,-20.621098,0.0,0.2680301,0.2680301,-9.90573,-9.969663,0,-0.12591569,-0.1358246,-9.599589,-9.614485
9,133.77354,51.63521,0.047764063,1789.2607,114.75844,41.65041,300.75714,54.637157,257.31662,776.12634,311.62537,235.73761,157.555,129.57085,50.292606,9.567537,2.760209,2.4332333,3.3115788,2.3940897,1.6898916,5.0970974,3.717071,3.3983107,5.102115,5.0221004,2.4223251,9.046431,9.050513,10.51632,10.502591,1.2488084,1.4581655,1.2488084,0.006828076,5.6679916,0.30780742,2.4958234,0.30061892,7.7704325,2.2414637,20731396000.0,23602220000.0,6108194300.0,-18.682484,-20.105223,-20.733978,-21.062347,-21.278719,0.0,0.9544901,0.9544901,-9.59852,-9.630856,0,0.9403461,0.91286933,-9.03515,-9.057621
10,131.72623,2.5600553,0.028665992,971.4473,43.388145,19.665796,206.36621,44.773323,135.01279,407.2297,133.03743,103.20169,66.984215,95.31702,17.867538,6.275699,2.4287271,2.3799212,3.0257056,2.872732,1.2451961,3.7557948,2.815894,2.8474424,6.4514346,6.358012,2.1772773,9.14985,9.1594095,10.234031,10.220416,1.3246229,1.4415606,1.3246229,0.007161234,8.672187,0.16619793,3.9179065,0.016011314,9.606381,0.103190914,13120294000.0,14731203000.0,2010569000.0,-18.019438,-19.503315,-20.190233,-20.501743,-20.802458,0.0,0.1701801,0.1701801,-10.10057,-10.147942,0,-0.0458879,-0.063789524,-9.46146,-9.486285
11,165.10786,4.223631,0.038632803,1622.8369,91.45656,35.477413,410.3726,96.017235,209.94316,633.23706,274.3307,201.25438,226.07828,180.12843,24.693369,14.97765,4.504085,3.9475772,6.4410205,4.878067,2.4876487,7.5033154,5.791693,5.170329,11.008301,10.709739,3.6519866,9.073587,9.089467,10.237444,10.221483,1.143027,1.2282895,1.143027,0.0062076217,7.1007094,0.102369726,2.8074641,0.019163232,8.973061,0.11265637,16667002000.0,17182284000.0,3303168500.0,-18.717077,-19.935093,-20.52381,-20.81306,-21.012804,0.0,0.38283008,0.38283008,-9.88817,-9.956654,0,0.057844665,0.037958506,-9.51229,-9.531693
12,168.86908,4.3487487,0.04002153,254.50845,10.639737,0.532664,42.55684,14.281183,34.33506,103.56247,44.56729,34.116783,28.892328,12.08678,7.370565,3.5860357,2.3441513,2.4181628,2.5849524,3.2016146,0.8675509,2.6167312,2.2406187,2.1428547,5.984445,5.5441937,2.0110657,-99.9,-99.9,10.143755,10.131007,1.2228521,1.4138119,1.2228521,0.020874714,9.9165,0.29281837,4.127911,0.029849637,10.345957,0.16263226,15113378000.0,13123180000.0,1918545800.0,-18.293987,-19.683815,-20.338293,-20.614216,-20.893076,0.0,-0.1680699,-0.1680699,-10.34984,-10.385234,0,-0.419874,-0.4775356,-9.837978,-9.893
13,150.41478,4.383917,0.047715686,548.035,35.76019,12.092491,129.8285,29.813047,65.753235,198.32693,130.97954,93.783264,88.48884,104.502396,15.209181,6.318925,2.9301953,2.7950907,3.4607172,2.9851735,1.2937154,3.9021401,3.5621827,3.3316367,5.8895674,6.2743635,2.5826228,8.954861,8.97029,10.225522,10.212867,1.3008103,1.4347513,1.3008103,0.01081612,4.684882,0.05944305,2.2067728,0.009502258,5.348096,0.07171801,16935525000.0,16102670000.0,4431411000.0,-18.415207,-19.741262,-20.400517,-20.71888,-20.955778,0.0,-0.0966999,-0.0966999,-10.36176,-10.402044,0,-0.3166909,-0.3339158,-10.08822,-10.111888
14,128.63281,42.916027,0.0401826,1536.3405,118.91375,42.336338,372.6817,93.157196,194.03773,585.2626,262.93088,196.86868,213.55914,249.54326,25.485088,13.272688,4.203484,3.589293,5.6604147,4.2343674,2.0791197,6.271098,4.850812,4.3692355,9.331774,9.549824,3.0154288,9.05,9.059998,10.103863,10.083583,1.1781034,1.2925391,1.1781034,0.0071660625,4.4499383,0.09372275,1.976948,0.01204165,5.7930775,0.09057228,9321030000.0,12874024000.0,2311191000.0,-18.487076,-19.488173,-20.016584,-20.278238,-20.500692,0.0,0.2041201,0.2041201,-9.93826,-9.974003,0,0.024510818,0.015095444,-9.36907,-9.388898
15,223.41666,2.9206438,0.04450493,1659.5225,146.11972,54.205517,375.0777,101.690994,258.35333,779.2533,360.42484,269.841,363.82498,240.72829,56.13558,15.758009,6.5085716,5.7391167,7.628847,6.424552,3.2363987,9.761715,7.604804,6.9675126,16.041252,15.3439455,5.3225093,8.991678,9.002872,10.433659,10.422363,1.2908883,1.4425929,1.2908883,0.011325316,7.0224466,0.16446196,2.7520306,0.023605756,8.97454,0.14474694,24579832000.0,24848577000.0,6409802000.0,-18.892946,-20.254148,-20.8806,-21.167234,-21.375092,0.0,0.4554601,0.4554601,-10.016069,-10.0589075,0,0.25477389,0.23516189,-9.65464,-9.679846
16,135.32156,47.360355,0.039695192,1263.2543,113.22567,33.82508,253.906,42.192974,204.65675,617.29205,212.92914,168.633,95.45318,105.43633,36.24643,10.706677,4.137288,3.6950622,4.6732283,3.5414574,2.195785,6.6229873,4.8698635,4.5646396,6.6807666,6.928687,3.895159,-99.9,-99.9,10.316,10.302443,1.3019235,1.483167,1.3019235,0.008487459,5.8739862,0.17531738,2.2731612,0.02182746,7.7133403,0.13791211,16994823000.0,17765861000.0,4984868400.0,-18.397734,-19.716932,-20.39637,-20.710142,-20.991282,0.0,0.4129801,0.4129801,-9.93278,-9.966431,0,0.24900982,0.26496193,-9.546331,-9.529454
17,175.70961,59.801865,0.04410564,1439.7668,515.1502,172.94064,456.59567,136.23415,245.48851,740.45,290.04138,230.02219,489.26996,375.55246,59.80535,11.203308,6.4244585,4.1617475,5.4422984,3.9512417,2.226894,6.7168183,4.678954,4.358046,10.387203,9.757553,3.1199498,-99.9,-99.9,10.13313,10.117732,1.0949805,1.1519064,1.0949805,0.0038138118,4.9861608,0.089842476,2.0357797,0.009649784,5.874711,0.061337788,14051438000.0,15684724000.0,4002536400.0,-18.8877,-19.979689,-20.508654,-20.73793,-20.95641,0.0,0.3218901,0.3218901,-9.84629,-9.881818,0,0.0027838114,0.005620989,-9.524595,-9.519784
18,198.2922,5.3283787,0.04879481,588.29785,415.69656,138.52315,160.94528,53.17008,79.39308,239.46785,82.85552,72.711044,114.9968,158.93468,37.73295,6.3854594,5.869587,3.8505173,4.3324966,4.341382,1.2770448,3.8518577,2.8822072,2.9008489,8.095177,9.26713,2.526834,-99.9,-99.9,9.92169,9.907434,1.2149756,1.2779629,1.2149756,0.01326111,5.2311783,0.14321887,2.21305,0.022645714,6.0282035,0.13915686,9843764000.0,9739686000.0,2538434600.0,-18.141577,-19.401308,-19.986118,-20.2566,-20.426207,0.0,-0.024689903,-0.024689903,-9.98532,-10.019778,0,-0.42995805,-0.43054017,-9.781673,-9.780197
19,246.51776,46.368275,0.029930959,3163.7896,92.89081,35.277534,699.2009,147.757,437.9779,1321.0425,423.48343,354.16653,222.37373,183.06155,54.721523,23.8858,4.5700326,4.1772013,7.9385614,4.649152,3.6180518,10.9128685,7.1099343,6.6819987,8.058658,7.936127,4.278817,9.15009,9.1603565,10.124366,10.110711,1.1810993,1.3012185,1.1810993,0.0042164284,4.1244636,0.022756213,1.7529399,0.004848584,5.003698,0.034084085,12212271000.0,12796799000.0,3975866400.0,-18.425585,-19.480032,-20.089832,-20.3875,-20.611307,0.0,0.4580501,0.4580501,-9.70898,-9.748015,0,0.35368344,0.3231259,-9.294129,-9.319334
20,238.3173,53.54352,0.04676596,784.8991,38.372025,19.515043,197.97052,51.781334,145.54984,439.0119,118.16807,114.58921,110.884285,66.14399,12.320677,7.5205345,2.7107606,2.520449,3.4804633,3.140502,1.5065608,4.5441303,2.8673725,3.226109,5.706517,5.4724154,2.2257793,-99.9,-99.9,10.470593,10.457099,1.2762225,1.3967749,1.2762225,0.007778964,9.497429,0.20917048,3.937162,0.01984792,10.141568,0.10893743,27988277000.0,28509288000.0,4782371300.0,-18.903528,-20.33808,-20.979126,-21.268356,-21.441437,0.0,0.5041701,0.5041701,-10.0013,-10.040408,0,-0.04538636,-0.039867498,-9.760528,-9.753747
21,241.0332,47.349693,0.04217683,1314.2534,151.93471,46.045235,369.74463,128.94394,313.3694,945.19446,105.31527,110.903496,204.75334,110.82687,21.31045,11.019598,4.7979093,3.985792,5.9838686,4.9901385,2.702243,8.15058,3.884294,3.953563,10.407779,10.298768,3.3934762,-99.9,-99.9,10.029741,10.001465,1.1268951,1.1973428,1.1268951,0.0057512126,4.8759775,0.057992965,2.0312197,0.011830692,5.605716,0.07416044,10590574000.0,11626778000.0,3498070800.0,-18.60493,-19.490484,-20.042847,-20.309853,-20.560106,0.0,0.3945401,0.3945401,-9.680079,-9.7,0,0.03849616,0.03870518,-9.451065,-9.449338
22,247.67445,40.529392,0.029812202,812.76465,30.524738,12.561411,183.73961,47.218365,131.76724,397.4404,104.88271,92.10827,64.81825,37.50141,10.711945,9.33423,3.7746906,3.5800889,4.79317,4.316838,2.0042534,6.0452847,4.329718,4.1997538,8.864923,8.618703,3.3486888,9.192612,9.212891,10.571247,10.5558815,1.197913,1.3138384,1.197913,0.010750923,15.942396,0.1586681,7.2686386,0.018780908,16.340212,0.107685365,24663228000.0,31928224000.0,2074548200.0,-18.778097,-20.19578,-20.84828,-21.142996,-21.360456,0.0,0.34142008,0.34142008,-10.26727,-10.3213215,0,-0.13557231,-0.16578612,-9.71352,-9.740977
23,226.83507,2.3911393,0.042989634,1441.4065,328.96368,108.89571,375.9142,86.36873,293.52356,885.33484,230.70306,189.50243,460.61368,316.72052,60.637005,9.916853,6.1512423,4.9878445,5.579128,4.839841,2.510104,7.5710444,4.81761,4.6354923,11.6562605,11.167338,3.9846728,-99.9,-99.9,10.180083,10.2464285,1.2713012,1.4789035,1.2713012,0.0056174523,3.444396,0.037447136,1.5967296,0.0053749005,4.234554,0.043756228,11825419000.0,12020975000.0,4916464600.0,-18.842173,-20.236135,-20.70839,-20.83739,-21.008556,2.0,-0.21288991,-0.21288991,-10.42941,-10.470165,0,-0.17141421,-0.16605099,-9.806152,-9.799162
24,247.30412,41.15089,0.029592674,554.4623,33.617054,10.0640955,118.22677,29.93662,77.76713,234.56361,64.3549,49.451168,18.222607,57.37847,9.786123,6.777348,3.2996867,3.0304346,3.7673378,3.2641833,1.5250484,4.5998936,3.54718,3.41369,6.391834,6.743017,2.910732,9.154188,9.180893,10.501403,10.487103,1.3067999,1.4536381,1.3067999,0.0119856205,14.793324,0.099834666,6.918068,0.035453,15.660933,0.22991434,24030600000.0,26598099000.0,1950670500.0,-18.479424,-20.047438,-20.734167,-21.037,-21.209955,0.0,0.17925009,0.17925009,-10.363999,-10.410023,0,-0.15156132,-0.18624942,-9.58799,-9.614359
25,262.07382,60.01528,0.028330512,366.37823,12.426405,12.132674,83.103775,21.841406,33.40509,100.757454,35.617615,24.849943,13.693412,21.921158,6.538727,5.206519,3.097455,3.1411319,3.3834243,3.7612922,1.0969402,3.3086212,2.7562659,3.1279788,7.819068,7.435748,2.4879217,-99.9,-99.9,10.208017,10.195791,1.2973318,1.3922752,1.2973318,0.013823716,12.599451,0.18052836,5.407502,0.027432373,13.401849,0.15447542,14647817000.0,16710067000.0,1482776700.0,-18.170364,-19.528997,-20.193094,-20.52511,-20.681002,0.0,-0.0756399,-0.0756399,-10.32429,-10.365871,0,-0.8586623,-0.91512966,-10.018729,-10.072529
26,128.68822,38.342186,0.040192634,3106.4575,124.94256,46.45703,658.7631,143.11969,484.50455,1461.3777,418.17383,378.76105,263.32672,161.9459,48.099712,23.796207,5.3447385,4.804067,8.611627,5.445242,4.091091,12.339663,7.4058785,7.0492077,10.700682,10.25405,4.44485,9.189924,9.1996975,10.262314,10.24176,1.1485199,1.2683848,1.1485199,0.0053321244,4.7573795,0.08134426,2.0505571,0.007844565,5.1302776,0.04640817,16013792000.0,17896129000.0,4232584200.0,-18.898867,-20.011438,-20.568642,-20.832495,-21.063225,0.0,0.7903101,0.7903101,-9.51199,-9.539554,0,0.7419237,0.71278715,-9.03624,-9.059954
27,171.7854,56.25246,0.048314106,456.88107,43.42251,18.358545,119.229774,25.066795,57.979977,174.881,86.27716,66.74341,108.42708,110.328865,9.713796,4.7563186,2.6131356,2.4386308,2.8985374,2.926888,1.0349407,3.1216168,2.5661647,2.402479,6.391791,6.386829,2.0043309,8.994845,9.01092,9.928279,9.912799,1.3007389,1.4350044,1.3007389,0.012574474,3.693942,0.045834325,1.6885114,0.009431346,4.2782907,0.069563404,8689736000.0,9413735000.0,3192367900.0,-18.009918,-19.252274,-19.847242,-20.097017,-20.358583,0.0,-0.17340991,-0.17340991,-10.14327,-10.197158,0,-0.5982341,-0.6223272,-10.04461,-10.069215
28,189.81738,59.4365,0.038113907,1493.0801,53.718895,19.065563,372.82132,91.2012,165.21297,498.3205,220.94135,164.1128,201.45769,175.13805,32.37487,13.612339,3.81442,3.4441273,6.0303035,4.794316,1.9896289,6.0011735,4.668548,4.139249,10.7759285,10.644432,2.9680388,9.122152,9.12303,9.802069,9.771224,1.1147485,1.1501311,1.1147485,0.0068311174,4.079076,0.022186307,1.9328623,0.0064125024,4.6565313,0.049554475,7225061000.0,7008739000.0,2239065300.0,-18.512642,-19.43806,-19.910246,-20.141937,-20.347963,0.0,0.15085009,0.15085009,-9.68697,-9.729452,0,-0.08934388,-0.10822006,-9.45148,-9.464467
29,155.70357,6.7956715,0.044718206,412.55173,47.88145,13.769171,117.137535,37.152523,60.04987,181.12427,90.95831,62.575333,71.39831,87.27863,6.1339493,5.7163033,3.4624155,2.9372623,3.7031734,3.4133525,1.3707356,4.134451,3.4162097,3.1345491,5.9123683,6.141362,2.6142511,8.99516,9.001116,10.216825,10.202317,1.3208268,1.4624453,1.3208268,0.011705487,5.834697,0.08565448,2.4684455,0.014673887,6.468676,0.08449764,15079905000.0,17151656000.0,3172426800.0,-18.428864,-19.705519,-20.326204,-20.616594,-20.804028,0.0,0.032690093,0.032690093,-10.22406,-10.268087,0,-0.5624508,-0.59703875,-10.05314,-10.079569
30,167.90573,7.4115624,0.0463911,1257.977,130.09135,39.39745,321.017,73.420425,159.54173,481.21472,194.74199,149.0092,205.64696,229.06918,17.456995,11.5866165,3.9104788,3.0816607,4.981827,3.3550396,1.7894872,5.397501,3.881897,3.5619252,6.968814,7.145951,2.3767073,9.04986,9.05945,9.99734,9.973226,1.1563909,1.2898399,1.1563909,0.008062082,4.9173326,0.056197915,2.276357,0.013545763,5.88854,0.103064194,10102900000.0,12047703000.0,2062375400.0,-18.431204,-19.668867,-20.193817,-20.425415,-20.591396,0.0,0.2836401,0.2836401,-9.75099,-9.79672,0,0.012090162,0.008397945,-9.28148,-9.299889
31,202.20398,53.442905,0.025356574,2867.6992,449.49042,154.99246,762.55383,194.27312,359.66418,1084.8303,596.4074,465.80383,811.94415,825.25275,75.36133,25.291166,8.964652,6.702936,10.189034,6.450925,3.974406,11.987714,10.260897,9.299499,22.819517,19.400637,5.672168,8.9445305,8.946626,9.964086,9.948649,1.1986222,1.315696,1.1986222,0.0048294663,5.2279396,0.039037,2.038833,0.0070598186,6.0449524,0.03985445,9163443000.0,9446523000.0,2350272800.0,-18.28607,-19.398214,-19.973976,-20.251802,-20.493454,0.0,-0.055639908,-0.055639908,-10.0594,-10.111174,0,-0.42928678,-0.451217,-9.806129,-9.821733
32,194.5365,54.466824,0.028964916,2521.3367,58.527786,19.417328,477.0987,102.74219,314.59866,948.9022,317.48193,262.9025,111.4098,95.41136,36.217926,22.730703,5.2177577,4.9062266,8.174343,6.197114,3.2586758,9.828909,6.970218,6.602969,12.89896,12.374697,4.2812424,9.170761,9.184259,10.567397,10.598021,1.1923177,1.3807569,1.1923177,0.01084108,7.273626,0.07577695,3.1862113,0.009326348,7.457001,0.04774013,14352148000.0,19775064000.0,2646823200.0,-18.41968,-19.650797,-20.28381,-20.585007,-20.828522,0.0,0.7186301,0.7186301,-9.89171,-9.930609,0,0.60918033,0.58695424,-8.8714695,-8.894192
33,255.2481,24.433073,0.04791962,1424.1907,48.338177,16.181494,313.69193,66.38578,220.54106,665.2027,163.75937,141.10532,109.190765,86.99394,27.965416,11.784148,3.4669852,3.299726,4.9150205,3.5806327,2.2157748,6.6832805,4.146424,4.0354905,7.2961316,6.9604554,3.1192386,9.192408,9.212104,10.400659,10.386106,1.2181925,1.3327408,1.2181925,0.0054928907,6.58883,0.041363243,2.948476,0.00887209,7.075102,0.053590775,30417277000.0,29338296000.0,6121061400.0,-19.532207,-20.709555,-21.26354,-21.50728,-21.686106,0.0,0.6559101,0.6559101,-9.78096,-9.81923,0,0.46007606,0.44430622,-9.35839,-9.380532
34,231.59102,48.70402,0.04053515,465.03354,221.56764,76.74181,155.15596,37.175674,94.67791,285.57043,219.24484,152.22508,320.67404,307.81454,82.69517,9.099548,8.758885,7.8164606,6.8099775,7.0506496,2.6119962,7.878375,7.8400345,8.672926,22.380798,22.067703,6.89841,-99.9,-99.9,9.825825,9.805906,1.3009125,1.5239599,1.3009125,0.008128357,2.221207,0.09371173,0.96857256,0.0690141,2.81309,0.5385633,4586515000.0,7866140000.0,3796562400.0,-18.517464,-19.887957,-20.209406,-20.289238,-20.57807,0.0,-0.13493991,-0.13493991,-9.99887,-10.032005,0,-0.6733627,-0.65867025,-10.180443,-10.162823
35,127.3566,30.511934,0.045899827,1293.6287,49.090183,18.58046,285.32956,63.016376,187.05057,564.1877,191.82742,170.92354,126.854256,101.10885,24.137348,12.464292,3.3869984,3.0885017,5.18288,3.868819,2.0527196,6.1914697,4.288315,4.227958,7.6609364,7.375571,2.7827106,9.149507,9.158526,10.273792,10.260313,1.2075739,1.3215914,1.2075739,0.0111760525,5.74531,0.16417676,2.3530061,0.026869327,7.1982455,0.17238551,14242333000.0,13877891000.0,3452922600.0,-18.324203,-19.448038,-20.122013,-20.476925,-20.67442,0.0,0.5119801,0.5119801,-9.79928,-9.84056,0,0.37939236,0.3646242,-9.40779,-9.429776
36,162.94968,10.866212,0.026917562,2003.7422,237.6727,79.588776,515.4671,142.33853,263.57907,795.01526,378.31995,281.95547,443.82758,426.18658,57.22754,20.46665,8.028016,6.741283,9.026701,6.4305286,3.559592,10.73654,8.925656,8.130831,15.775481,15.678015,6.060358,9.001732,9.00265,10.066084,10.048325,1.2530099,1.4191012,1.2530099,0.0056201573,5.8780937,0.19122532,2.451273,0.06805077,7.7277136,0.4927352,13424093000.0,12855581000.0,3098661000.0,-18.60177,-19.828176,-20.37467,-20.64219,-20.811388,0.0,0.1069401,0.1069401,-9.99562,-10.050107,0,-0.38525367,-0.4178328,-9.86082,-9.886687
37,136.33722,57.159943,0.04631473,437.8723,31.184317,7.306243,94.61158,15.263988,83.957115,253.23405,75.49462,63.225655,56.26049,77.516,14.00492,5.1644607,2.9500794,2.8531537,3.036012,3.3782792,1.2973632,3.9131427,2.9110782,2.8731673,6.24936,6.4841037,2.4953358,-99.9,-99.9,10.406779,10.391789,1.3216672,1.4191395,1.3216672,0.008650661,6.3548493,0.06910679,2.7109842,0.013205263,6.6043215,0.07160792,20271200000.0,24748030000.0,4934758400.0,-18.87117,-20.163061,-20.784115,-21.063284,-21.373013,0.0,0.4414101,0.4414101,-10.01227,-10.049664,0,-0.044678606,-0.019744229,-9.731864,-9.70611
38,132.91273,57.107433,0.02560632,2449.2263,147.63332,55.618504,637.8271,158.34639,354.19864,1068.3448,455.39276,347.7788,373.89786,326.48648,42.607132,21.321924,4.9875774,4.2422767,8.534572,4.936537,3.4257636,10.332883,7.6918106,6.930407,10.1397295,9.9762535,3.961817,9.089487,9.098046,9.988571,9.973207,1.2086483,1.3016659,1.2086483,0.0049867085,10.164476,0.14729278,3.8519626,0.029218918,11.850395,0.15679595,10923049000.0,10514995000.0,1813772900.0,-18.352613,-19.526045,-20.113874,-20.39653,-20.60772,0.0,0.06386011,0.06386011,-9.96253,-10.0114565,0,-0.21369576,-0.2269459,-9.52899,-9.543462
39,161.73866,39.56159,0.03629219,1796.2268,61.98546,23.861168,342.6307,75.236664,322.46127,972.6177,212.51524,205.0214,113.34423,89.37653,36.206024,14.224655,3.268848,3.0535793,4.9379096,3.6811907,2.7319596,8.2402115,4.4419346,4.5345287,6.5548224,6.6341166,3.0054255,9.250061,9.2602415,10.386007,10.357185,1.1823305,1.3162035,1.1823305,0.00813083,8.83385,0.35425448,3.5665846,0.022522686,10.4594145,0.12939174,15227502000.0,15986013000.0,3064484600.0,-18.28752,-19.58044,-20.257023,-20.609537,-20.847456,0.0,0.7438301,0.7438301,-9.68027,-9.708073,0,0.6671356,0.6618628,-9.12857,-9.157732
40,198.18912,46.93499,0.027680548,1333.0085,39.205406,15.436816,272.4891,61.633663,144.80666,436.7703,144.58522,114.53278,78.4545,55.282948,17.865793,12.125191,3.4973083,3.2087588,4.934665,3.856958,1.9998201,6.0319123,4.511158,4.236085,6.46146,6.8005786,3.247117,9.170087,9.180215,10.485907,10.463795,1.2147397,1.3697201,1.2147397,0.007850956,15.065123,0.21388529,6.94604,0.023259765,14.894194,0.111339755,21225392000.0,25471427000.0,2056951800.0,-18.507383,-19.8589,-20.55638,-20.88195,-21.045095,0.0,0.36468008,0.36468008,-10.1590395,-10.211385,0,0.052249722,0.01874522,-9.44014,-9.464718
41,209.88824,56.041313,0.03403224,3058.0708,86.24501,35.50516,735.9585,186.24672,636.1018,1918.6298,326.6672,363.7796,218.83641,136.95903,31.30383,23.662191,5.582463,5.315787,9.761441,6.534599,4.9420886,14.906465,8.17571,7.348342,11.618783,11.196545,4.6654625,-99.9,-99.9,10.261223,10.22672,1.0821742,1.1465815,1.0821742,0.0039105965,7.5462112,0.09135903,3.2942624,0.009143833,8.208857,0.054004945,16794646000.0,18939707000.0,3097955300.0,-19.29044,-20.268457,-20.76128,-20.985786,-21.185993,0.0,0.7363601,0.7363601,-9.55542,-9.592188,0,0.35998955,0.3783048,-9.0859,-9.064635
42,192.76851,48.408554,0.049425263,2542.3162,206.22601,77.23816,644.2021,0.0,536.13983,1617.1216,374.62772,305.4042,420.5139,347.03336,54.64204,22.096027,5.878944,4.6922035,8.479056,-0.71041197,4.442179,13.3986225,6.967793,6.466276,10.477223,10.188779,4.313244,-99.9,-99.9,10.223272,10.202412,1.170812,1.2978517,1.170812,0.004893579,3.634893,0.022633208,1.522979,0.0050409418,4.4276524,0.03359992,19020920000.0,20868530000.0,6684937700.0,-19.196472,-20.402632,-20.920525,-21.130228,-21.298151,0.0,0.4455301,0.4455301,-9.81932,-9.857745,0,0.23564392,0.23140934,-9.501267,-9.503836
43,238.39815,32.30571,0.049932156,1080.7247,176.74318,58.571796,293.47324,76.83211,131.35167,396.18695,201.99615,153.75424,280.85098,300.92957,46.220894,11.569553,5.9533877,4.936458,5.995368,4.8263354,2.146618,6.474688,5.5315123,5.050093,11.146937,10.883109,4.0652905,8.9685755,8.976974,10.349694,10.334528,1.3198475,1.5511086,1.3198475,0.010060307,6.258249,0.17105524,2.6006968,0.021805055,8.204017,0.14667404,26064870000.0,26479360000.0,5705999000.0,-19.341742,-20.559694,-21.115273,-21.343874,-21.53227,0.0,0.28028008,0.28028008,-10.115809,-10.16653,0,-0.25347343,-0.27045244,-9.99226,-10.011394
44,233.89886,35.63645,0.046345763,1651.7255,949.7724,319.15353,450.4797,102.833015,108.81268,328.20416,205.90062,157.56581,462.10968,525.29767,35.419785,15.355775,10.283047,5.6980257,6.55943,4.167585,1.4639319,4.4155517,4.0138187,3.6996825,11.108676,11.676783,2.5094829,8.8081665,8.811864,9.531925,9.501596,1.1384946,1.2833482,1.1384946,0.00933616,3.770352,0.10790257,1.6433355,0.015257025,4.872385,0.111740574,3788661200.0,4449779700.0,1388631600.0,-18.50706,-19.48103,-19.841583,-19.9491,-20.088474,0.0,0.30372012,0.30372012,-9.26649,-9.313906,0,0.061566938,0.03245236,-8.97756,-8.988486
45,155.90352,42.35104,0.045271367,2691.704,201.21735,64.61291,632.2204,152.13234,453.9002,1369.0679,457.8796,384.65408,400.28354,339.1403,80.12596,22.116909,5.1238813,4.034752,7.8504496,4.821963,3.663142,11.048869,6.91504,6.3466578,10.923122,10.619409,3.7854753,9.059688,9.079684,10.489589,10.476373,1.1458662,1.2637815,1.1458662,0.0059102937,6.650498,0.12738845,3.0155041,0.057247683,8.251648,0.38930655,23900197000.0,25144050000.0,5351596500.0,-19.110233,-20.247377,-20.851442,-21.17193,-21.401178,0.0,0.7680801,0.7680801,-9.76079,-9.819773,0,0.5145638,0.4834891,-9.36207,-9.388031
46,162.58997,41.464024,0.023764042,5290.1025,166.66093,67.55608,857.92126,159.33438,876.02216,2642.285,614.3901,518.62836,26278.031,-366.36124,101.75429,43.38441,10.30716,9.698445,13.377062,7.8254876,8.425263,25.412508,16.061274,15.404219,274941.88,1788.0485,11.289794,9.255675,9.280783,10.612475,10.599821,1.2769829,1.4612272,1.2769829,0.004636362,16.805824,0.83665276,5.5391865,0.039321024,17.12483,0.19148733,41204617000.0,39146086000.0,6214675500.0,-19.052826,-20.70921,-21.373009,-21.664482,-21.772303,0.0,1.1418301,1.1418301,-9.50715,-9.541682,0,1.1571053,1.0956467,-8.70367,-8.738574
47,227.90099,35.77462,0.04159466,729.33954,117.49001,34.686115,202.92648,44.402622,72.11334,217.51047,153.42584,103.83797,187.65892,231.79193,20.004564,7.5812883,3.962995,3.2794607,4.200599,3.538246,1.30098,3.9240518,3.7318313,3.346978,8.291718,8.790534,2.6964326,8.869621,8.882484,9.82552,9.805506,1.1941632,1.3494126,1.1941632,0.008378498,5.307379,0.116858214,2.366625,0.013612689,6.564268,0.10371375,7679848400.0,9271213000.0,1523499300.0,-18.497276,-19.678368,-20.161333,-20.29866,-20.4355,0.0,-0.0505799,-0.0505799,-9.90936,-9.947945,0,-0.51694864,-0.53996134,-9.65829,-9.675493
48,197.91837,44.357204,0.036710106,1591.8235,42.22021,16.138113,324.56354,71.27993,194.19777,585.7453,214.06348,165.90176,104.28004,100.62116,21.701984,13.584331,3.3351,3.1318488,5.4014764,3.8086877,2.1365764,6.444401,4.4673443,4.0826817,6.6460776,6.647217,2.8063374,9.136795,9.154679,10.143844,10.128673,1.1496112,1.2594547,1.1496112,0.0081025185,9.282864,0.05777757,4.2634563,0.013736126,10.249651,0.09113045,18045413000.0,17325806000.0,1951402200.0,-18.908703,-20.157648,-20.709925,-20.98209,-21.13591,0.0,0.5151901,0.5151901,-9.6650095,-9.692005,0,0.39700803,0.37917286,-8.881,-8.896952
49,163.21913,43.4284,0.024237124,1609.3768,50.252644,26.773079,353.5037,78.12761,217.66563,656.52985,162.79477,122.5922,87.99318,81.776,30.103802,11.396041,3.374664,3.2948601,4.7994885,3.089344,2.157698,6.508108,4.339685,4.185889,5.683006,5.6653404,3.341714,9.237294,9.25687,9.988233,9.974014,1.2684658,1.3862617,1.2684658,0.004039733,5.3552446,0.052383516,2.2371736,0.0063622487,6.3234024,0.039615963,9560086000.0,9898602000.0,2200091600.0,-17.974262,-19.221489,-19.860569,-20.166225,-20.4021,0.0,0.088580094,0.088580094,-9.937719,-9.967026,0,-0.026995787,-0.04743192,-9.45448,-9.47685
50,177.2407,11.455116,0.043114606,692.8164,177.06938,57.950703,183.14922,44.808914,141.61858,427.15433,116.41197,96.84613,78.629616,64.65693,11.820763,8.184416,5.5308185,4.3811803,4.9289293,4.3030457,2.2067366,6.6560197,4.339156,4.1600847,9.000439,8.493363,3.4374328,-99.9,-99.9,10.263087,10.251555,1.2917364,1.4850473,1.2917364,0.012174279,7.709437,0.10936608,3.3502965,0.018300943,8.719058,0.11588866,20370586000.0,21342792000.0,3525640400.0,-18.706026,-20.11794,-20.743734,-20.976473,-21.17732,0.0,-0.025259903,-0.025259903,-10.323299,-10.339927,0,-0.43832248,-0.42319804,-9.917737,-9.9010725
51,199.23137,7.7198877,0.049615618,241.7185,4.181026,4.421775,42.664665,11.200618,34.223225,103.22515,29.354033,25.012342,14.701621,6.364551,6.55934,4.112095,2.2320876,2.169479,2.378162,2.4362552,1.0652181,3.2129405,2.307742,2.2495522,4.7560987,4.6073604,2.0021536,-99.9,-99.9,10.175451,10.166441,1.3500292,1.5341963,1.3500292,0.019976892,5.3767514,0.16456056,2.4378846,0.026915433,6.7746387,0.21393575,12354612000.0,14847329000.0,3002763300.0,-17.643549,-19.341185,-20.013908,-20.320414,-20.525135,0.0,-0.2430699,-0.2430699,-10.45994,-10.507493,0,-0.28664216,-0.34276795,-9.8288555,-9.883001
52,190.10233,8.265542,0.047368944,831.14813,145.36377,42.560917,213.93364,53.575367,108.201065,326.35938,162.56221,124.21569,165.05592,148.44374,24.286873,7.337666,3.2357736,2.4415746,3.5214608,2.6174579,1.2454752,3.7566364,2.9449794,2.7947178,5.2481914,5.5703177,2.0002153,8.9505625,8.961061,9.938502,9.994187,1.1934249,1.3395623,1.1934249,0.007925615,5.1973963,0.076543435,2.2525086,0.020398388,6.0479918,0.13730632,9138263000.0,9608567000.0,2410324500.0,-18.42714,-19.455515,-19.973063,-20.236914,-20.371704,2.0,-0.09882984,-0.09882984,-10.07418,-10.165879,0,-0.049559087,-0.06709708,-9.33288,-9.347633
53,236.80586,6.576189,0.04808845,1871.8384,334.86905,113.743645,479.0761,116.926025,255.76703,771.45245,241.55064,214.3877,453.65573,330.00916,34.857307,15.976757,5.542462,3.7583365,6.123293,3.8857784,2.2968946,6.927957,4.2866125,4.0732837,9.658594,9.085225,2.6266057,9.055446,9.074095,9.909995,9.889167,1.1497104,1.2470366,1.1497104,0.006114829,3.9197893,0.070543766,1.6770645,0.015210554,5.117942,0.10560455,8627476000.0,9086468000.0,2558866000.0,-18.615253,-19.594038,-20.0806,-20.318264,-20.511902,0.0,0.4895701,0.4895701,-9.46404,-9.496814,0,0.34729207,0.328225,-9.0817795,-9.093828
54,251.12814,19.940758,0.022977455,3339.6692,219.52187,65.449425,764.52515,148.25685,432.79382,1305.4061,511.8747,400.61588,2903.2961,201.74841,84.34322,28.612642,8.755645,7.669072,11.346029,7.0267863,4.948467,14.925701,11.588837,10.472321,1712.8561,69.25248,7.562765,9.108223,9.116231,10.306642,10.290383,1.3110342,1.5507373,1.3110342,0.0069763483,9.652629,0.14392738,4.09026,0.015637785,12.352403,0.10563886,20150802000.0,21580280000.0,2471663400.0,-18.778297,-20.127684,-20.734125,-21.020718,-21.242811,0.0,0.41204008,0.41204008,-9.93505,-9.972843,0,0.20828904,0.18686162,-9.249209,-9.267828
55,230.52173,5.854868,0.03561603,3717.0107,372.3103,135.83243,808.2447,185.75194,562.7221,1697.2999,564.76465,453.51514,455.8433,332.0248,102.15688,32.922424,11.028248,9.158536,12.688427,8.523641,5.7703724,17.404757,12.019049,11.147728,17.75259,16.920965,7.9894743,9.082965,9.084019,10.520202,10.501267,1.1880269,1.3781422,1.1880269,0.0051951865,9.833572,0.15000068,4.0295596,0.016886298,12.606569,0.10932528,40862896000.0,42445513000.0,5373209000.0,-19.895191,-21.121855,-21.653667,-21.894798,-22.051655,0.0,0.9273701,0.9273701,-9.63148,-9.666417,0,0.79840326,0.77300245,-8.8967495,-8.917291
56,212.01668,7.327645,0.023833992,1413.0312,2095.5696,713.08777,369.7966,84.61788,469.6464,1416.5619,493.57022,454.3981,1605.0105,-17.430487,230.24487,15.683324,20.359432,12.664796,7.7737427,5.61967,5.063306,15.272083,12.142231,11.93116,79.32515,33.685932,9.667399,-99.9,-99.9,10.0563545,10.041613,1.2436391,1.3799713,1.2436391,0.004309885,5.3965034,0.042134985,2.3726954,0.007924141,7.440396,0.056531884,11039348000.0,11936420000.0,2457705700.0,-18.26784,-19.62535,-20.1979,-20.459944,-20.670969,0.0,-0.0680299,-0.0680299,-10.1692095,-10.200918,0,-0.44244316,-0.43451953,-9.839126,-9.829506
57,214.93011,49.23665,0.02552837,2837.6306,116.30096,29.886097,452.39917,105.75772,1110.9972,3351.0242,593.70667,656.2219,157.97905,77.59754,115.49672,31.42326,5.923604,5.468366,11.158903,9.046859,8.640863,26.06281,11.059037,11.417272,8.050229,7.4762483,7.2368107,-99.9,-99.9,10.549067,10.5334015,1.2020005,1.384563,1.2020005,0.0043416363,8.792796,0.072700135,3.4382439,0.00840973,9.675051,0.045233246,23338520000.0,23719120000.0,5430430000.0,-18.508692,-20.007465,-20.714529,-21.077824,-21.327671,0.0,1.2410301,1.2410301,-9.3377495,-9.359869,0,1.2568033,1.2523443,-8.844045,-8.84817
58,233.96082,9.566793,0.042467922,1423.6866,51.369335,16.937664,235.19875,52.186283,257.89932,777.8839,156.22647,149.47504,83.89565,22.541393,22.622183,11.693601,3.4926505,3.1592662,4.8062177,4.1259446,2.4183671,7.2943454,4.1379957,4.066344,7.743811,7.253705,3.0250359,9.304482,9.299162,10.240494,10.227699,1.2647618,1.4659276,1.2647618,0.015992159,5.8618383,0.096449256,2.6190436,0.11913734,6.2464037,0.72341704,13143472000.0,15998232000.0,2810421200.0,-18.181898,-19.484772,-20.13724,-20.453793,-20.660095,0.0,1.1632701,1.1632701,-9.117909,-9.13482,0,1.1962045,1.2032962,-8.387509,-8.403185
59,223.55768,12.502038,0.02976766,2335.7625,188.06523,61.343662,603.57715,133.70294,324.2781,978.09766,516.47876,387.24942,476.9344,443.64682,50.479584,21.511818,5.930968,4.787972,8.309498,4.9599113,3.4405465,10.377472,8.569936,7.665986,12.2995,12.299683,4.5961576,9.002975,9.003795,10.149044,10.134447,1.2383882,1.3647528,1.2383882,0.005605179,8.918847,0.0822654,3.2593415,0.015863193,10.293247,0.082936145,15867110000.0,15985774000.0,2858102500.0,-18.57625,-19.82905,-20.437138,-20.717733,-20.923235,0.0,0.017460098,0.017460098,-10.173719,-10.217875,0,-0.25425962,-0.27288237,-9.747789,-9.766401
60,246.11359,21.827738,0.03454277,637.3161,96.66329,29.271526,172.12341,39.79511,78.81261,237.71701,135.23476,102.463455,140.39345,142.4356,17.05724,6.806292,3.8438597,3.219899,3.9943254,3.600104,1.3460966,4.060134,3.8075874,3.348829,7.5603275,7.647979,2.5620923,8.965736,8.966837,9.850004,9.833125,1.252663,1.4027958,1.252663,0.010130215,7.154256,0.1583968,3.181136,0.026399467,8.685424,0.14519706,8280395300.0,9131930000.0,1227562800.0,-18.165161,-19.49815,-20.021101,-20.227251,-20.359426,0.0,-0.2764099,-0.2764099,-10.171579,-10.215274,0,-0.6483724,-0.688863,-9.67529,-9.69905
61,231.74336,28.85261,0.034534447,939.56964,30.662357,13.974565,215.02777,57.888893,118.82218,358.3951,123.50597,96.744835,62.152336,48.007397,12.2572565,10.175221,3.532963,3.412987,4.613626,3.6114035,1.875823,5.657909,4.4156957,4.012502,6.23888,6.065569,3.1239126,9.16908,9.180954,10.636337,10.6253805,1.2881358,1.4537927,1.2881358,0.008278649,20.639751,0.1989489,9.19566,0.4523174,18.03719,1.5779539,37239902000.0,46517694000.0,3000120300.0,-18.746271,-20.847149,-21.447054,-21.688526,-21.648308,0.0,0.19899009,0.19899009,-10.46904,-10.523233,0,-0.0051701837,-0.025583558,-9.44325,-9.465565
62,21.203844,0.91002846,0.033052526,1615.0519,47.75053,22.999441,222.4543,32.905262,205.71893,620.4958,139.05322,110.97191,55.127506,81.06049,37.518387,17.97542,6.081844,5.942542,6.2553577,4.84825,3.7686167,11.367005,8.353446,8.260076,9.434274,9.487582,7.0554786,9.235612,9.261727,10.791233,10.777036,1.3447286,1.571719,1.3447286,0.007296514,9.910623,0.22085664,4.52896,0.02547069,12.750012,0.17995284,46892200000.0,50151770000.0,7478532600.0,-19.246395,-20.848377,-21.474775,-21.829773,-21.974174,0.0,1.0233401,1.0233401,-9.808169,-9.833262,0,1.0211037,1.0062966,-9.082109,-9.103903
63,161.3821,13.319843,0.033994775,1508.7362,147.57542,52.901043,379.1026,91.04783,207.08565,624.6181,238.57677,175.39073,304.22116,262.88602,28.299328,10.8682995,3.3906033,2.7633257,4.4660997,3.3016133,1.709357,5.1558094,3.6367416,3.2367513,7.706886,7.2203217,2.1921914,9.046552,9.054651,9.704155,9.68041,1.1703327,1.3088056,1.1703327,0.0048742285,5.4768233,0.10867634,2.3226516,0.013057239,6.640595,0.08898825,6489492000.0,6983274000.0,1305235700.0,-18.401913,-19.474102,-19.9343,-20.11351,-20.278378,0.0,0.0605901,0.0605901,-9.6800995,-9.71566,0,-0.2220298,-0.25845638,-9.24875,-9.263948
64,175.59827,15.561396,0.044371113,1211.6492,716.9555,240.96446,303.64993,69.05552,277.4799,836.94336,274.62848,244.59465,252.7407,195.17427,92.67937,10.70896,8.730437,5.6119924,5.3126364,3.6237879,2.6935685,8.124414,5.684002,5.6692805,8.706141,8.439134,4.467873,-99.9,-99.9,10.264061,10.249683,1.3085749,1.4839793,1.3085749,0.0068969354,3.8125088,0.019177614,1.8235797,0.0053467797,4.374244,0.04056719,19496962000.0,22339560000.0,5783555600.0,-18.742083,-20.011461,-20.62919,-20.89746,-21.074854,0.0,0.12001009,0.12001009,-10.1895895,-10.225078,0,-0.24437447,-0.21853535,-9.944498,-9.917671
65,117.993,15.711414,0.047001593,1143.3743,61.15041,23.278208,243.6589,54.72804,210.4656,634.81287,150.75897,145.42325,100.678314,81.06285,24.073278,10.449035,3.1757102,2.8624098,4.3692,3.2433314,2.1502998,6.4857936,3.741715,3.7853253,6.404717,6.2638364,2.632619,-99.9,-99.9,10.417902,10.403509,1.2336819,1.3863885,1.2336819,0.009460583,7.373056,0.23645261,3.4334729,0.023911858,8.50066,0.15739311,20618492000.0,24178557000.0,3532204500.0,-18.878416,-20.055147,-20.666775,-20.986147,-21.179583,0.0,0.5290301,0.5290301,-9.93204,-9.9777155,0,0.23899536,0.2354515,-9.405194,-9.407006
66,241.72852,20.526634,0.0332229,1207.9207,78.8436,28.504553,268.83032,63.250996,156.96696,473.4486,192.44453,140.57587,166.72353,145.86993,20.599813,8.779837,3.2745738,2.9786909,4.2829723,3.5198388,1.6144441,4.869531,3.8912504,3.4565141,7.868736,7.7153654,2.493064,9.056668,9.075912,10.122686,10.107434,1.206616,1.3268441,1.206616,0.006834554,5.880408,0.23656206,2.4788857,0.015592694,6.6109333,0.090535976,10800543000.0,11733887000.0,2153778200.0,-18.164358,-19.36176,-20.002945,-20.294914,-20.568026,0.0,0.16441008,0.16441008,-9.997789,-10.05427,0,-0.084348,-0.11477345,-9.57987,-9.60027
67,139.83493,25.58318,0.024183584,5763.412,830.73157,275.27026,1562.9093,391.91476,705.62555,2128.3296,773.1287,688.50037,1366.6998,1080.5677,69.74859,43.7422,13.42416,8.755312,17.05405,9.538481,5.8970275,17.78678,11.521321,10.970446,25.95231,24.044592,5.8022246,9.048371,9.05466,9.751852,9.724845,1.0983053,1.1777667,1.0983053,0.0038109045,5.109161,0.06047167,1.988958,0.008723101,6.4309473,0.053439368,6888353300.0,6935563000.0,1688221800.0,-18.649979,-19.508692,-19.952232,-20.139643,-20.33543,0.0,0.15579008,0.15579008,-9.63797,-9.659003,0,-0.027634224,-0.060284372,-9.22835,-9.253349
68,200.84586,33.723995,0.026741212,2272.4688,110.9312,46.930767,558.156,126.18273,294.33173,887.77234,389.18747,326.0647,261.29745,272.4209,42.710884,21.133476,4.617386,4.05929,7.6637487,4.107012,2.884236,8.6995125,6.6904244,6.1712036,7.7019987,7.9696255,3.763081,9.085176,9.098358,9.967542,9.950148,1.1802396,1.3219341,1.1802396,0.004556657,7.3387794,0.07942459,3.2553802,0.010658377,8.892105,0.067445144,10954477000.0,12139216000.0,1780922900.0,-18.392096,-19.595264,-20.155628,-20.398565,-20.546371,0.0,0.084790096,0.084790096,-9.91863,-9.9572315,0,-0.14140353,-0.168997,-9.29622,-9.313303
69,240.76515,21.697466,0.034318753,23.513096,37.99915,21.425909,13.370252,6.395528,10.914132,32.91954,-1.3911364,-0.617006,13.014297,2.5797715,-5.794342,2.1832185,3.6377156,3.4040349,2.1100974,2.3941317,0.976782,2.946197,2.7593875,2.7077725,4.6806946,4.5067077,2.6959872,-99.9,-99.9,9.899614,9.876061,1.306563,1.5034019,1.306563,0.0047109216,6.753925,0.0963542,2.8947399,0.016551968,8.153862,0.10706744,11316457000.0,8920957000.0,2215123000.0,-18.473684,-19.995697,-20.482637,-20.657795,-20.768126,0.0,-0.5253599,-0.5253599,-10.45861,-10.456991,0,-0.80508536,-0.79157734,-10.025528,-10.008615
70,169.16684,31.479248,0.04020215,827.40814,135.04437,41.608063,231.36739,57.839043,77.16497,232.74738,206.82346,145.11655,245.29347,267.79797,22.252625,8.744512,4.204667,3.4318142,4.5307207,3.493894,1.3719919,4.13824,4.40368,3.9263449,7.618453,7.8719387,2.954892,8.809116,8.819711,9.819454,9.8003235,1.2118914,1.3793191,1.2118914,0.007862656,4.0426526,0.11103807,1.7749672,0.011034229,4.7954316,0.0774286,7300981000.0,7573286400.0,2013721600.0,-18.278261,-19.365875,-19.88035,-20.1026,-20.33589,0.0,-0.03742991,-0.03742991,-9.895229,-9.940734,0,-0.3853941,-0.41959992,-9.68042,-9.698168
71,215.17883,26.417582,0.037904356,2415.7363,2138.3965,700.66296,448.4429,92.82876,855.2702,2579.6924,467.59976,466.17493,392.5621,235.3454,180.54826,20.203342,18.049194,10.196416,7.993631,4.9598136,6.134172,18.50206,9.47526,9.5632,12.460551,11.791791,7.1613703,-99.9,-99.9,10.630908,10.61539,1.276577,1.482596,1.276577,0.0061470345,9.1167555,0.44978106,3.5917544,0.036665414,11.448231,0.23531209,36150792000.0,36641030000.0,6477299700.0,-19.06925,-20.491188,-21.182539,-21.5089,-21.74517,0.0,0.6160401,0.6160401,-10.05523,-10.084191,0,0.39971876,0.42938337,-9.533634,-9.503375
72,194.68005,28.910057,0.02783409,491.7696,19.388897,11.703223,110.1091,26.987528,45.385406,136.89287,47.10165,34.645,40.418144,29.577797,9.568996,6.304851,3.0907786,3.0190134,3.4729242,3.0884454,1.2596622,3.7994275,3.1922219,3.012234,6.447037,6.301566,2.7108328,9.155784,9.172926,10.142236,10.131566,1.2685323,1.4477961,1.2685323,0.009971665,13.92716,0.07122313,6.225774,0.027789304,14.068739,0.14164484,14155325000.0,17417690000.0,1280039400.0,-18.488485,-19.910772,-20.490143,-20.719296,-20.80597,0.0,-0.1598199,-0.1598199,-10.337,-10.382105,0,-0.5100029,-0.5329362,-9.56378,-9.590885
73,214.84079,26.304775,0.036983546,1026.1652,60.501736,23.746933,186.29037,39.687283,144.1429,434.76825,139.98016,112.86428,60.635532,49.972355,23.69826,9.922737,3.1950111,2.917695,3.847976,2.797346,1.8300653,5.5198936,3.8883529,3.7724702,5.0379243,5.1920185,2.9193745,9.143939,9.144551,10.6159725,10.604791,1.2511816,1.4534857,1.2511816,0.009439846,13.89866,0.19306444,6.6577325,0.027240777,13.00984,0.12557414,31030845000.0,38265140000.0,2878555600.0,-18.609701,-20.451681,-21.096357,-21.391932,-21.442448,0.0,0.6502101,0.6502101,-10.004789,-10.031732,0,0.6096588,0.59375876,-8.98503,-9.010092
74,235.88197,17.312899,0.03004658,1840.823,53.408913,14.186074,370.93552,74.95371,257.47623,776.6077,256.50192,206.13751,90.16845,91.85339,20.825386,16.223707,3.9632864,3.636562,6.053203,4.579005,2.7311008,8.237622,5.7731586,5.367136,10.597348,10.72288,3.6438866,9.1500635,9.160303,10.526267,10.511574,1.2464262,1.3744572,1.2464262,0.009486703,11.939138,0.29353294,5.9121695,0.080344714,12.546555,0.54614997,21411842000.0,26530748000.0,2469774800.0,-19.00618,-20.409286,-20.953814,-21.221928,-21.420242,0.0,0.6296001,0.6296001,-9.9290695,-9.9794,0,0.36655524,0.33300388,-9.21519,-9.236994
75,20.38734,-0.96996015,0.04873994,671.94543,31.895842,7.5158463,130.49745,28.497879,100.042404,301.75098,111.79964,79.735016,80.827774,49.687794,16.180782,7.4061074,3.4745126,3.343947,3.95385,3.8423874,1.6104465,4.857473,3.6440084,3.379515,8.9230795,8.622197,2.7510438,9.091093,9.103734,10.337449,10.322104,1.2696203,1.4513503,1.2696203,0.017737217,6.1769114,0.07076524,2.5677507,0.025491945,6.6093955,0.13094692,16379461000.0,16983671000.0,3301128200.0,-18.280321,-19.57126,-20.270515,-20.625286,-20.837418,0.0,0.4609901,0.4609901,-9.91477,-9.944952,0,0.39948207,0.36962876,-9.37436,-9.399915
76,147.1121,25.41253,0.044633236,729.56354,22.60599,9.047111,161.93224,37.55023,84.66678,255.37456,101.45001,81.506386,58.649395,49.127876,9.709298,5.9069824,1.7354004,1.6480218,2.6677556,2.0802686,1.0329144,3.1155047,2.278687,2.1229465,3.6597526,3.4852362,1.5499948,9.13001,9.140058,10.086297,10.072953,1.1823636,1.272572,1.1823636,0.008068893,6.6560955,0.15072306,3.1660705,0.04459554,7.7756567,0.35561427,12735938000.0,11957356000.0,1771879400.0,-18.487993,-19.53054,-20.125061,-20.416103,-20.603947,0.0,0.2260701,0.2260701,-9.89901,-9.937084,0,0.07656905,0.034296725,-9.38714,-9.407716
77,169.4273,27.844364,0.046954248,927.30475,28.613874,17.853199,183.01031,37.787144,128.06522,386.27426,111.811325,96.57603,48.141937,45.414097,17.33933,10.527835,4.129513,4.023759,4.974959,4.248845,2.165102,6.53044,4.6286583,4.625472,8.824919,8.616451,3.679771,9.229047,9.230798,10.578371,10.567341,1.304218,1.5053223,1.304218,0.012885375,10.51485,0.34399763,4.2275505,0.017828768,10.642597,0.08755803,33960655000.0,39285120000.0,5955394000.0,-19.456095,-20.672638,-21.251945,-21.564142,-21.667486,0.0,0.7265001,0.7265001,-9.88919,-9.923976,0,0.55775905,0.5321792,-9.30194,-9.327605
78,168.08237,28.570822,0.0334759,316.49307,12.731308,6.362978,74.93123,20.83028,51.53785,155.45006,40.637623,37.060993,23.518534,31.627417,7.385602,4.562852,2.5483859,2.6488845,2.840348,2.9708316,1.1218908,3.383878,2.5584733,2.5123293,5.6690483,5.677424,2.1292367,9.194532,9.221419,10.4318,10.419427,1.2817297,1.3754113,1.2817297,0.011237898,14.9367895,0.20299435,6.620127,0.0394322,15.013315,0.21360427,20139567000.0,27515574000.0,1662107800.0,-18.56292,-19.995823,-20.631567,-20.937366,-21.036657,0.0,0.0778901,0.0778901,-10.3921995,-10.43168,0,-0.53913957,-0.56770223,-9.86315,-9.889563
79,169.58334,29.379702,0.04749353,657.0912,128.05066,43.795605,200.59691,53.3788,79.510185,239.82108,164.46695,119.12787,205.229,238.28125,20.31813,7.6604395,3.4950938,2.6724186,3.7523508,2.7681863,1.2575319,3.7930028,3.5432801,3.1832876,6.2199473,6.643691,2.2012515,8.900757,8.8912945,10.082196,10.06712,1.2512479,1.3490773,1.2512479,0.008297168,6.189669,0.088534646,2.5493543,0.021705067,7.5647135,0.13526852,12728812000.0,13742327000.0,2797294300.0,-18.623005,-19.69879,-20.267952,-20.520668,-20.764591,0.0,-6.990433e-05,-6.990433e-05,-10.118959,-10.180885,0,-0.52901924,-0.5759299,-9.98578,-10.007509
80,132.08994,17.84405,0.046025418,1317.1404,62.913116,20.346184,323.5688,87.62591,178.20427,537.50525,194.4832,157.3947,135.84328,125.0063,19.524006,11.092846,3.3531137,3.0041957,4.8332224,3.5204449,1.9126549,5.769002,4.0633016,3.8556855,6.9992146,7.139624,2.7633386,9.110923,9.123378,10.4143,10.40209,1.2916231,1.4061651,1.2916231,0.0069453972,7.708675,0.19804268,3.122115,0.024629666,9.539629,0.15294467,23483000000.0,24458447000.0,5368959000.0,-18.7417,-20.218489,-20.85858,-21.145164,-21.396542,0.0,0.45450008,0.45450008,-9.99848,-10.043889,0,0.23450446,0.22084837,-9.61298,-9.637051
81,193.09595,26.645267,0.044861197,938.00134,39.375805,22.79773,204.84195,57.495506,182.58754,550.7262,137.67824,138.02303,80.75023,73.01048,17.990728,7.046367,3.2710147,3.0973384,3.9868429,3.774286,1.6588271,5.0034003,3.1646702,3.204119,7.0514517,7.228705,2.4951184,-99.9,-99.9,10.276653,10.261763,1.2964162,1.4894233,1.2964162,0.010322247,5.998965,0.07326089,2.56687,0.014427162,6.569254,0.07933881,18550512000.0,21238862000.0,4474933000.0,-18.629263,-19.98558,-20.600962,-20.86972,-21.076303,0.0,0.2826401,0.2826401,-10.02547,-10.0610285,0,0.014850864,0.026584938,-9.62678,-9.614071
82,177.82036,21.313643,0.02308162,781.4164,46.259747,14.528046,194.14117,46.883614,118.09458,356.20053,151.13913,121.015884,0.0,0.0,23.90985,9.297871,4.2332735,3.9961414,5.297989,5.196566,1.970469,5.943383,5.235665,4.8448715,-0.73975736,-0.73975736,3.5825946,9.088683,9.0944195,10.015882,10.004852,1.2527106,1.3443847,1.2527106,0.012017095,10.399066,0.2682186,4.362821,0.1843425,11.938122,1.1684008,10051828000.0,11505628000.0,1270128800.0,-18.001907,-19.205452,-19.836018,-20.147646,-20.304659,0.0,-0.1864699,-0.1864699,-10.23785,-10.282196,0,-0.6105314,-0.6390978,-9.816669,-9.84296
83,239.82748,13.613634,0.03444984,4400.4243,444.52658,143.46713,1184.209,305.19022,769.3959,2320.6755,524.7203,501.76465,630.9503,467.9534,90.217995,31.384449,8.766724,6.725261,12.69188,8.196935,5.3951592,16.27303,8.2249565,8.076401,17.584234,16.72826,5.058767,-99.9,-99.9,10.046761,10.039111,1.0938898,1.2129452,1.0938898,0.0042200354,6.0310817,0.17127421,2.6229086,0.009545365,6.861003,0.059229758,13327174000.0,14698114000.0,2751580000.0,-19.497175,-20.363617,-20.76701,-20.944433,-21.093523,0.0,0.5587401,0.5587401,-9.53206,-9.574821,0,-0.029841006,-0.020226954,-9.272008,-9.257023
84,125.36595,12.392598,0.041643538,812.25964,136.08678,50.596237,145.30602,27.000582,340.24487,1026.2571,238.48766,201.96648,268.60236,57.30168,82.176,8.345146,5.26318,4.931088,4.223737,3.8056538,2.9407034,8.869831,6.1023464,5.926157,16.034838,15.639108,4.9485908,-99.9,-99.9,10.713091,10.700578,1.3144659,1.4933428,1.3144659,0.011361186,12.37829,0.18049386,5.146864,0.016172452,11.545693,0.066896565,38384636000.0,48129143000.0,4512047000.0,-19.213835,-20.63293,-21.290924,-21.587273,-21.780489,0.0,0.6843201,0.6843201,-10.06522,-10.099505,0,0.37877446,0.40399864,-9.435419,-9.409322
85,167.64667,22.190588,0.031348575,1174.277,97.89354,33.141426,257.4432,55.413944,211.82036,638.8991,221.03288,179.83263,148.45198,132.00723,41.808243,11.492811,3.8117192,3.35846,4.6625676,3.0914063,2.4554746,7.4062705,5.2386627,4.927099,6.259589,6.1932077,3.6240606,-99.9,-99.9,10.412664,10.398327,1.3284391,1.4688199,1.3284391,0.0067396057,10.810402,0.095691554,4.529488,0.017959233,10.410709,0.07428566,21783720000.0,24129070000.0,3083156000.0,-18.479654,-19.902868,-20.603079,-20.926743,-21.138845,0.0,0.1394901,0.1394901,-10.30625,-10.33826,0,-0.20306924,-0.17563903,-9.775999,-9.747492
86,205.74432,22.159334,0.026707461,2628.281,697.6653,231.39587,575.9399,126.71439,541.6341,1633.6935,251.58124,272.9629,922.29395,188.30937,63.943253,20.727997,8.839619,5.60773,7.7052846,4.565864,4.1215506,12.431536,5.8606296,6.042528,206.89,22.069136,4.2435427,-99.9,-99.9,10.109478,10.097988,1.347752,1.5006617,1.347752,0.008785673,6.9856906,0.063968256,3.0679977,0.009346023,7.5866203,0.055173844,11808144000.0,13311780000.0,2263567600.0,-17.818924,-19.274239,-19.958612,-20.269659,-20.460526,0.0,-0.1349999,-0.1349999,-10.2756195,-10.303191,0,-0.4315179,-0.3968214,-9.834311,-9.7980385
87,198.05324,23.623653,0.04634604,2469.5945,100.39894,20.383696,427.3226,66.58358,453.68054,1368.4052,383.8243,321.20712,153.67389,150.78111,63.1111,20.822798,4.574676,3.871847,6.831484,4.63912,3.8410435,11.585461,6.4902835,6.1032166,9.017538,8.998301,3.838597,-99.9,-99.9,10.429162,10.4106455,1.1304284,1.2889067,1.1304284,0.007993417,6.207599,0.037587713,2.7988915,0.010347618,7.28114,0.07218233,22291687000.0,25596002000.0,5039564000.0,-19.083954,-20.371847,-20.947353,-21.222744,-21.450901,0.0,1.1140801,1.1140801,-9.35233,-9.374382,0,1.0317419,1.029727,-8.778677,-8.778209
88,221.10893,16.792274,0.030339887,1161.5905,34.086033,12.649977,258.38422,54.550297,147.42096,444.65564,186.06,149.81554,81.44664,70.04697,20.870462,10.669726,2.9163089,2.945077,4.5610213,3.274044,1.8201538,5.4899983,4.276558,3.9715397,6.3979073,6.3896265,2.6849086,9.110414,9.121274,10.276711,10.263367,1.2385268,1.3150306,1.2385268,0.008987566,10.301724,0.19285862,4.2270503,0.018863246,10.705355,0.0996705,13726250000.0,17039838000.0,1942695000.0,-17.977943,-19.430323,-20.124962,-20.437706,-20.662546,0.0,0.13119009,0.13119009,-10.18445,-10.227815,0,-0.07473908,-0.11735226,-9.51199,-9.535025
89,206.8155,17.973473,0.034359712,293.85895,28.416483,13.289364,78.10801,19.596619,54.134754,163.28291,52.315845,45.44388,37.204853,40.83832,13.457245,4.750784,2.9419682,2.7837713,3.0801482,3.1935606,1.2502208,3.7709503,3.1365654,2.9534962,6.9219456,7.0555615,2.528338,-99.9,-99.9,10.156636,10.143158,1.2718602,1.3888019,1.2718602,0.011937903,8.932879,0.071384355,4.1543345,0.025805434,8.121644,0.08780144,10817706000.0,14664835000.0,1786731800.0,-18.392967,-19.601402,-20.15935,-20.437853,-20.645359,0.0,0.053660095,0.053660095,-10.14134,-10.177808,0,-0.5670857,-0.5626075,-9.8162565,-9.809826
90,240.49664,12.562393,0.033278156,546.9702,16.298788,8.02773,116.4735,29.693697,61.63273,185.89853,59.66205,44.983074,22.910904,31.134733,9.331064,5.5930877,2.2938287,2.3865154,2.9054682,2.456988,1.1116352,3.3529449,2.652826,2.4967926,4.5006557,4.4494567,2.1456091,9.171247,9.188148,10.141234,10.130572,1.2914654,1.4584243,1.2914654,0.009943593,8.073553,0.10817918,3.5395157,0.019210462,9.018683,0.120314375,11991233000.0,14038333000.0,1735134000.0,-18.02554,-19.380104,-20.022833,-20.352482,-20.49221,0.0,0.0988601,0.0988601,-10.0817795,-10.120684,0,-0.18880273,-0.20920403,-9.52545,-9.546348
91,164.2331,17.113737,0.031395964,1599.7396,237.42947,87.36155,422.01797,95.62902,235.91536,711.5752,404.1233,302.18967,364.6165,362.3695,70.92188,16.27258,6.2804375,5.0381465,7.117885,4.4181747,3.0458865,9.187087,8.0279255,7.2334347,10.040566,10.008699,5.0676684,8.949425,8.95758,10.217263,10.202781,1.3474902,1.523957,1.3474902,0.0063842866,7.4070816,0.08116528,2.9238677,0.015399025,9.546587,0.09347453,19006573000.0,19761050000.0,4571492000.0,-18.71089,-19.980993,-20.599236,-20.888065,-21.025875,0.0,0.0577501,0.0577501,-10.198279,-10.238434,0,-0.25605977,-0.29443154,-9.91006,-9.932461
92,19.367126,14.704428,0.042729244,841.8621,50.694424,23.431173,166.98326,36.08519,138.83821,418.76807,133.53879,106.533005,79.32191,68.88465,17.49476,8.843961,3.6041558,3.344816,4.1252365,3.5300329,2.0375617,6.1457496,4.356618,4.1581135,6.983785,6.770647,3.232242,9.129262,9.136775,10.759494,10.744661,1.3533728,1.5144753,1.3533728,0.011328911,10.987913,0.23803164,5.3124027,0.42554075,11.666877,3.4443436,33461115000.0,44989678000.0,4302424600.0,-19.375553,-20.580225,-21.250715,-21.548973,-21.801743,0.0,0.67245007,0.67245007,-10.12894,-10.178492,0,0.40835273,0.3882587,-9.37064,-9.39552
93,18.437267,15.683413,0.04427569,720.442,32.434296,9.52724,139.94228,30.048458,119.29558,359.82303,106.653984,88.55006,74.76679,40.636166,17.608408,7.749342,3.2893949,3.068157,3.8764455,3.6884234,1.8067739,5.4496417,3.7719524,3.592053,6.8520145,6.5469604,2.999132,9.131708,9.148249,10.348158,10.337525,1.2745945,1.4329885,1.2745945,0.014052186,6.5305333,0.14651373,2.910555,0.01821232,7.2429695,0.118131995,18067862000.0,22684275000.0,3265903900.0,-18.230965,-19.810686,-20.474834,-20.754019,-20.941208,0.0,0.42911008,0.42911008,-9.9548,-9.98486,0,0.39768293,0.373222,-9.25737,-9.282724
94,29.211199,14.873377,0.043697126,904.4128,381.13327,119.6823,229.58826,45.370632,182.20796,549.5813,180.52586,143.00224,136.28543,156.9575,58.138237,10.990767,7.833927,5.7736735,5.9119577,4.299538,2.8267653,8.526168,6.284335,6.010204,8.370399,8.595342,5.268957,-99.9,-99.9,10.72459,10.710709,1.340436,1.5102937,1.340436,0.008031292,13.133579,0.35155982,6.0080566,0.097775266,15.03837,0.69634604,39613223000.0,58573246000.0,6205975000.0,-19.962849,-21.334114,-21.842405,-22.02424,-22.191362,0.0,0.5120401,0.5120401,-10.25848,-10.283506,0,-0.15120843,-0.11351294,-10.048916,-10.01052
95,162.83943,3.6301653,0.04119979,1003.093,33.36861,13.604143,222.16068,52.219296,142.5349,429.91815,142.39844,114.94264,94.85702,47.846443,13.888353,10.281261,4.2382693,4.047616,5.330032,4.673779,2.1294997,6.4230556,4.67224,4.524551,9.146005,8.745986,3.5561702,9.150167,9.160753,10.229963,10.218568,1.2475028,1.3872361,1.2475028,0.009111289,5.4261804,0.4083493,2.452557,0.09274388,8.223262,0.55876285,16869156000.0,17362512000.0,3852045800.0,-18.48237,-19.856527,-20.478401,-20.776731,-20.982628,0.0,0.3373101,0.3373101,-9.93254,-9.966466,0,0.2066077,0.18522325,-9.44425,-9.470571
96,190.60579,64.4886,0.042399503,74.42555,0.26806143,-12.464932,95.47076,141.4053,7.6122913,22.960428,-0.31042254,1.1183114,38.273335,-23.12036,-7.0555253,7.5992603,8.383781,8.785821,6.97939,8.612901,2.903753,8.75838,9.60972,9.594887,49.654858,49.885197,7.225217,-99.9,-99.9,10.370609,10.361816,1.1681204,1.2072458,1.1681204,0.0052954964,5.5362377,0.11988278,2.4724605,0.049429495,7.7428474,0.3549889,20932330000.0,23378250000.0,5879289300.0,-18.675442,-19.934137,-20.60586,-20.924398,-21.18348,0.0,-0.024719905,-0.024719905,-10.43736,-10.483824,0,-0.86834437,-0.9137092,-10.656725,-10.699401
97,243.43498,52.570866,0.047405217,1316.407,333.9299,105.487656,363.19275,87.58675,153.98141,464.44348,184.75214,171.82407,327.03748,232.707,21.118217,11.806857,6.061463,4.342674,5.920482,4.5776343,2.0218692,6.0984173,4.848045,4.905593,10.302012,10.040759,3.2455208,9.007526,9.013933,10.025276,10.008568,1.1778071,1.2915003,1.1778071,0.006977466,3.4445753,0.045808647,1.51808,0.008808658,4.416489,0.06674988,10281429000.0,11716302000.0,3788566000.0,-18.536339,-19.521927,-20.046726,-20.320837,-20.45499,0.0,0.3210301,0.3210301,-9.74552,-9.778352,0,0.16387449,0.15306138,-9.39052,-9.405214
98,226.80302,-0.95976806,0.044006478,2674.9167,227.95435,71.23723,643.7943,135.43451,385.9031,1163.9728,445.60632,343.70993,391.03247,380.0978,50.33339,19.352558,5.64976,4.4370117,7.7238083,5.0439086,3.348978,10.10128,6.8078766,6.1430564,12.490195,12.42095,4.079585,9.088869,9.09591,10.313421,10.305688,1.1937776,1.3458699,1.1937776,0.0065786405,5.113411,0.076089814,1.9434606,0.023032375,6.8332534,0.13460241,18680922000.0,17622362000.0,5314755600.0,-19.10274,-20.162476,-20.70506,-20.986773,-21.16366,0.0,0.62992007,0.62992007,-9.72688,-9.766113,0,0.49952796,0.4775288,-9.27988,-9.296696
99,333.81744,-9.26324,0.03838664,6424.2036,971.08624,336.29514,1620.0298,358.04715,866.5072,2613.5857,1085.6522,881.92804,1673.1931,1116.4122,177.15314,48.55007,13.767139,9.517201,17.023556,9.646983,6.7359757,20.317236,14.681703,13.198159,32.951416,30.533926,7.952583,8.990278,9.000542,10.745057,10.73184,1.149595,1.2562345,1.149595,0.005008036,9.554913,0.23241961,4.232151,0.028943123,12.705648,0.20636202,48991945000.0,54833920000.0,7926706700.0,-19.750435,-21.029644,-21.642824,-21.946909,-22.150467,0.0,0.7787601,0.7787601,-10.003819,-10.047119,0,0.53301245,0.48936278,-9.4706,-9.481807
100,166.5891,50.388,0.039892424,2256.6777,1668.2668,545.8568,500.2475,118.03029,472.72656,1425.8524,494.7826,459.7822,343.27463,338.45905,170.7702,16.699467,13.777833,7.91076,6.9945555,5.1368794,3.6969392,11.15081,7.7480707,7.5756316,12.291938,12.418387,5.659857,-99.9,-99.9,10.544334,10.531902,1.3015547,1.468804,1.3015547,0.007318124,6.2337685,0.13697413,2.714014,0.016989999,8.195806,0.12446648,27650100000.0,31070030000.0,6145893400.0,-18.97699,-20.29764,-20.946917,-21.269613,-21.496899,0.0,0.4244801,0.4244801,-10.15183,-10.193127,0,0.045319136,0.08271561,-9.866172,-9.827941
101,132.73586,36.33538,0.024997178,2117.4465,105.30996,34.70968,368.1992,68.45668,333.0395,1004.52405,322.30078,270.20395,224.21445,124.720924,46.2487,16.867325,4.1973977,3.678141,5.846635,3.982544,2.9518776,8.903535,5.9256287,5.6178784,15.442753,10.791147,3.8762262,9.129941,9.139765,10.343539,10.329513,1.3047224,1.4781185,1.3047224,0.010565147,15.534399,0.5092927,7.2568216,0.017493764,15.285255,0.092384174,20519903000.0,17496398000.0,1487471700.0,-18.463161,-20.065985,-20.672138,-20.979012,-21.074152,0.0,0.5658301,0.5658301,-9.81762,-9.848222,0,0.5124106,0.48318422,-8.95057,-8.972052
102,237.26689,42.84678,0.035861943,1013.31665,133.08954,49.27964,254.45142,55.173035,111.01158,334.83655,215.96147,155.10606,214.90271,360.27524,36.28056,11.680473,6.1951966,5.4575934,6.582731,5.510084,2.3051677,6.9529104,6.521489,6.0902267,14.015061,16.172876,4.929937,8.925292,8.926322,10.231618,10.218343,1.3282324,1.5267316,1.3282324,0.012556329,5.5961576,0.14314757,2.4383948,0.020947238,7.5665727,0.1464952,14861000000.0,16410378000.0,3648683000.0,-18.355133,-19.671867,-20.312136,-20.610344,-20.849115,0.0,-0.034699906,-0.034699906,-10.30907,-10.357905,0,-0.502076,-0.53343266,-10.14561,-10.17123
103,167.2064,8.643809,0.041958183,1026.4347,69.03226,26.33852,241.31114,50.006844,142.97949,431.25916,191.70929,149.2264,125.453026,131.29012,24.374542,9.22396,3.2786117,2.818367,4.303081,3.325341,1.6586019,5.0027213,3.7514362,3.6842127,6.3357744,6.582342,2.6704035,9.0500345,9.060136,10.046304,10.034577,1.3178053,1.5446517,1.3178053,0.013145377,4.3669024,0.08196194,1.9099609,0.013417311,5.008466,0.09137899,10411503000.0,11193653000.0,3400684500.0,-18.130728,-19.303425,-19.917387,-20.229261,-20.419374,0.0,0.1863301,0.1863301,-9.8958,-9.9310665,0,0.036706228,0.022925833,-9.56884,-9.590269
104,146.16812,39.385307,0.040586796,346.98386,14.254383,7.3699474,67.46954,18.7767,36.72261,110.76387,37.849083,27.03981,16.334879,13.898751,5.978442,5.995892,3.2445493,3.21017,3.5909214,3.7913158,1.2576696,3.793418,3.1657739,3.1298962,6.8667135,6.7780666,2.8880105,-99.9,-99.9,10.737556,10.724505,1.306556,1.5350817,1.306556,0.020695731,18.363539,0.39162764,8.450105,0.06269061,17.350784,0.27633646,38360887000.0,53244105000.0,3047891200.0,-19.1688,-20.705238,-21.369267,-21.618444,-21.748367,0.0,0.3164601,0.3164601,-10.45336,-10.480357,0,-0.11965281,-0.15679902,-9.615487,-9.651599
105,135.49623,33.534836,0.043992963,1433.816,99.33052,34.399467,289.21713,64.975525,292.0797,880.97986,200.4826,184.57338,119.637596,100.26741,27.342093,9.075227,3.028943,2.7249126,3.7411916,3.1053867,2.0005236,6.0340347,3.4861047,3.4322205,5.1938386,5.2747426,2.6534123,-99.9,-99.9,10.37248,10.360919,1.2379744,1.3917743,1.2379744,0.0064572426,5.9376397,0.14055236,2.5709813,0.014204487,6.980619,0.09316353,20074650000.0,21655140000.0,4651620400.0,-18.501514,-19.858656,-20.538227,-20.88124,-21.10562,0.0,0.5227101,0.5227101,-9.89097,-9.92862,0,0.37385193,0.37293056,-9.364448,-9.36414
106,145.46233,12.183763,0.022788025,4102.184,360.2298,120.33306,1132.0992,287.65836,447.82465,1350.7426,660.9669,529.24786,1055.2728,901.6342,62.04712,32.12367,8.372718,6.497856,13.571156,7.6214247,4.3960094,13.259365,10.279568,9.101936,20.766277,20.269999,4.892968,9.011885,9.029252,9.839295,9.820281,1.0866028,1.1374493,1.0866028,0.0031496945,10.562196,0.23498757,3.8641639,0.07038103,13.983863,0.39157608,9811425000.0,9544014000.0,1096020100.0,-18.666212,-19.67929,-20.16836,-20.393044,-20.519028,0.0,-0.1229799,-0.1229799,-9.99936,-10.0353155,0,-0.60314906,-0.6558253,-9.5237,-9.536612
107,116.51001,18.71715,0.046193097,279.9379,35.35535,2.6655362,63.736046,0.0,65.18711,196.61935,45.925404,37.165653,80.984634,46.41483,18.540543,8.224304,5.4097857,5.22261,5.1422124,-0.74361956,2.53554,7.6477666,6.128623,6.385098,10.463304,10.38386,5.644791,-99.9,-99.9,10.958134,10.94542,1.1085966,1.2290463,1.1085966,0.0091104,11.399827,0.25417084,4.693678,0.1706916,14.165329,1.1342794,68978990000.0,80573100000.0,10957598000.0,-19.68725,-21.215027,-21.902752,-22.207216,-22.385557,0.0,1.0643501,1.0643501,-9.945479,-9.958303,0,1.0397427,1.0433259,-9.134549,-9.130078
108,148.10657,34.90883,0.044644594,894.72815,32.818558,13.161757,171.00417,32.27186,126.802376,382.4652,130.9087,113.27363,53.199135,56.802116,17.733742,8.645995,2.6565468,2.370232,3.8982306,2.673235,1.531044,4.617977,3.184567,3.8039885,4.460675,4.3796725,2.2729015,9.149291,9.157405,10.201674,10.188841,1.290823,1.4774123,1.290823,0.014073579,6.646634,0.13745742,2.8251152,0.025479613,8.196505,0.17257608,13661037000.0,15208022000.0,3007481000.0,-18.26862,-19.386679,-20.066055,-20.390867,-20.604322,0.0,0.5028001,0.5028001,-9.735149,-9.761446,0,0.48352093,0.46436727,-9.10713,-9.131721
109,221.43797,51.580814,0.029626794,3323.4102,186.45778,77.65532,390.33282,4.6380725,880.67535,2656.3203,562.5973,562.55554,213.77759,226.03,131.18153,32.791138,11.583912,11.036526,11.703433,8.482546,8.651096,26.093674,16.520447,16.575312,20.65306,19.777548,12.565891,-99.9,-99.9,10.9376955,10.924791,1.3514576,1.5838097,1.3514576,0.0072569875,15.093667,0.6651666,6.207129,0.032314666,17.654314,0.19944327,75692710000.0,71252574000.0,8872142000.0,-19.795298,-21.361526,-22.015457,-22.330214,-22.542421,0.0,1.1324701,1.1324701,-9.84957,-9.861681,0,1.0706421,1.1069399,-9.083599,-9.0470495
110,165.77748,43.62153,0.04888238,1353.6306,87.977234,29.12043,302.92474,71.84961,278.12222,838.88086,144.7624,160.52391,160.25713,77.43748,25.102873,11.465368,3.6064749,3.2358737,4.852706,3.5629377,2.5350988,7.6464353,3.7908118,3.925528,6.6371946,6.175986,2.7525308,-99.9,-99.9,10.195046,10.186593,1.1520146,1.2628893,1.1520146,0.0062071467,5.1007075,0.05824614,2.0890656,0.013708978,6.219628,0.09049166,13180644000.0,15069815000.0,4085650700.0,-18.71854,-19.800001,-20.347633,-20.605104,-20.78753,0.0,0.5667401,0.5667401,-9.66228,-9.6926155,0,0.40768394,0.40383208,-9.247925,-9.248296
111,178.65009,45.926895,0.04309195,1055.8044,537.5667,168.49759,205.44109,42.350857,250.33646,755.0725,173.4006,148.37964,133.24016,49.853165,63.258213,11.621873,9.541407,6.7027593,5.8692827,5.0586896,3.254716,9.816964,6.708826,6.6114006,12.231484,12.387134,5.748077,-99.9,-99.9,10.5389385,10.52525,1.3060321,1.4890888,1.3060321,0.009420148,7.567891,0.20399283,3.308826,0.021564756,9.81816,0.15005565,28480182000.0,30637566000.0,5329317000.0,-18.894743,-20.352983,-21.026236,-21.3334,-21.610931,0.0,0.4871401,0.4871401,-10.09004,-10.120401,0,0.2772947,0.30341402,-9.580603,-9.553774
112,202.75172,42.836807,0.027411005,4040.1948,323.49887,112.53345,1090.1555,275.01886,538.4322,1624.0358,611.57214,506.10925,726.8325,610.4673,61.612812,37.257683,7.9385424,6.182738,14.091247,8.139834,5.3369675,16.09751,9.2481985,8.559494,20.148664,19.646467,4.781167,9.090005,9.100007,10.003808,9.985592,1.1437354,1.2539026,1.1437354,0.0058106505,8.5262575,0.24061683,3.374443,1.1919173,10.2982025,-1000.0,11171516000.0,12276223000.0,2374411500.0,-18.614103,-19.717823,-20.271912,-20.47575,-20.687202,0.0,0.2896301,0.2896301,-9.74597,-9.809119,0,-0.0234215,-0.04537228,-9.235209,-9.268612
113,191.5006,11.48766,0.044706594,600.4872,39.802635,18.069798,94.73751,18.829731,65.123184,196.42654,127.10101,88.02785,39.58695,83.76854,19.998392,6.3687205,2.393263,2.1859143,2.7748778,2.6433797,1.0920652,3.2939172,3.0283828,2.693445,6.126239,6.508333,2.0326784,8.947436,8.957525,10.103651,10.082619,1.2642139,1.4767452,1.2642139,0.02696083,6.552864,0.1890316,3.023338,0.0293816,8.165716,0.23463736,10627982000.0,9682847000.0,1907039600.0,-17.972263,-19.236752,-19.894264,-20.21831,-20.46561,0.0,0.4572301,0.4572301,-9.68186,-9.707774,0,0.41885766,0.3798492,-9.214849,-9.237084
114,242.09811,23.473347,0.040347252,1715.2467,48.96255,12.97205,238.59001,29.47388,265.78336,801.664,237.24155,186.91624,72.97316,75.726524,43.244507,14.99626,4.6744194,4.39192,5.661546,4.8269744,2.9138987,8.788982,6.151254,5.809692,11.2406435,11.612594,4.5824122,9.189833,9.199237,10.448731,10.436401,1.2151711,1.395452,1.2151711,0.012766684,7.779583,0.14085324,3.4555752,0.01584205,8.49518,0.10225049,28844663000.0,26833295000.0,4189823700.0,-18.828382,-20.224049,-20.903244,-21.243872,-21.412613,0.0,1.1645302,1.1645302,-9.32062,-9.341385,0,1.1989715,1.2027987,-8.81213,-8.8354225
115,117.53564,50.045307,0.02348638,1220.3374,537.08386,185.87741,264.50995,55.33185,204.1548,615.778,230.37343,182.65903,2213.193,82.36295,44.151524,11.1613865,7.703288,5.3263774,5.200954,3.6808593,2.45348,7.4002542,5.9589043,5.600678,1494.4292,43.61528,4.2160277,-99.9,-99.9,10.408896,10.390213,1.2967132,1.4515651,1.2967132,0.006631964,16.348042,0.26145762,7.2769203,0.11010768,16.12055,0.56363785,16213240000.0,22568448000.0,1849805200.0,-19.05738,-20.435339,-20.898163,-21.119154,-21.244576,0.0,0.4561201,0.4561201,-9.98781,-10.033281,0,-0.3379374,-0.3203446,-9.679694,-9.660809
116,187.94771,34.267174,0.022848798,5755.5063,449.16983,153.1999,1052.1113,207.58319,754.60645,2276.0674,859.8,719.373,0.0,0.0,115.065605,42.18479,8.521296,6.571914,11.613175,5.761586,6.3177695,19.05583,12.426629,11.297869,-0.749868,-0.749868,6.3729496,9.087477,9.091941,10.29615,10.28272,1.2049328,1.38749,1.2049328,0.005794133,9.745612,0.29531413,3.8665211,0.028436378,12.397428,0.180371,16021695000.0,17637573000.0,2700302300.0,-18.274641,-19.604486,-20.284771,-20.600206,-20.811787,0.0,0.81672007,0.81672007,-9.51875,-9.544165,0,0.8220201,0.81086475,-8.73966,-8.7631645
117,200.48601,28.844301,0.03573935,1601.4839,247.14441,79.90169,326.37402,72.45475,416.11145,1255.0881,329.9713,281.31268,259.1676,167.08301,99.0803,17.320494,7.9802628,6.97777,7.7525563,5.9121614,4.8834968,14.729738,9.695861,9.4845705,14.261948,13.58382,7.630192,-99.9,-99.9,10.84158,10.8283615,1.3392189,1.4993522,1.3392189,0.0068141716,10.009984,0.19060291,4.295321,0.022653732,13.170758,0.16213101,54860993000.0,61296930000.0,8348560400.0,-19.584475,-20.9978,-21.660551,-21.989996,-22.207785,0.0,0.7315401,0.7315401,-10.1502,-10.189897,0,0.32807025,0.3608638,-9.706693,-9.673255
118,19.744144,-0.43511912,0.047421727,485.408,62.88004,18.087755,136.82684,30.74604,53.12616,160.24075,105.88674,76.286865,126.3325,154.90648,14.356557,5.384699,2.7107396,2.3122,3.1255543,2.7335682,0.9651778,2.911196,2.5942624,2.3870597,6.377456,6.644579,1.8195161,8.929807,8.938486,9.744339,9.717566,1.1350323,1.2405815,1.1350323,0.008222222,6.0765595,0.15030558,2.6718173,0.02960321,8.095223,0.212139,7253455000.0,7382117400.0,1394025600.0,-18.700975,-19.670267,-20.105358,-20.281197,-20.356594,0.0,0.2001801,0.2001801,-9.58122,-9.644164,0,-0.693093,-0.7285036,-9.73304,-9.750547
119,132.20097,20.555952,0.034230016,1262.9448,147.65883,46.579006,291.3204,64.58462,257.8607,777.76733,243.26117,196.5002,261.95547,222.55447,53.697117,12.110078,4.7291775,3.885928,5.2650075,3.8859687,2.630073,7.9328985,5.426556,5.5899787,9.699575,9.52642,3.6425188,-99.9,-99.9,10.010414,9.994825,1.1958779,1.3241268,1.1958779,0.0065314695,4.0311084,0.027008267,1.7939969,0.006612246,4.891639,0.049358476,9837026000.0,10743082000.0,3014162700.0,-18.11431,-19.336365,-19.939379,-20.218431,-20.450378,0.0,0.19821009,0.19821009,-9.847859,-9.889772,0,0.009065901,0.0038968404,-9.438614,-9.442664
120,119.59388,12.202454,0.049957164,3029.4607,230.1883,78.31866,715.7549,148.56378,403.141,1215.9663,472.52872,383.7253,543.16864,476.3687,60.56925,22.379313,5.9140763,4.745466,8.489795,5.416874,3.2598944,9.832584,6.856391,6.2922196,13.658318,13.304179,3.9284837,9.089135,9.096816,10.194799,10.16673,1.1527436,1.2729801,1.1527436,0.0054790997,3.6355278,0.037446223,1.4434549,0.006499513,4.233736,0.036834225,17112922000.0,18227240000.0,5525434000.0,-19.32802,-20.304548,-20.794992,-21.014154,-21.232613,0.0,0.60459006,0.60459006,-9.61914,-9.649714,0,0.48146304,0.47006404,-9.27953,-9.290271
121,161.67715,25.931555,0.020584673,5518.173,1826.2584,616.87964,1107.254,243.76213,1107.1019,3339.275,989.6293,803.9565,0.0,0.0,187.27846,39.505585,19.398169,12.57083,13.81329,8.0497675,8.598342,25.934555,16.864798,16.354773,-0.7295109,-0.7295109,11.301014,-99.9,-99.9,10.648213,10.633796,1.3212914,1.501561,1.3212914,0.004617596,10.220584,0.39475715,4.6829214,0.071522124,14.625969,0.5054095,33700370000.0,34719360000.0,4223727000.0,-18.913645,-20.394194,-21.083166,-21.437668,-21.649933,0.0,0.3927301,0.3927301,-10.293059,-10.318245,0,0.1731453,0.20284879,-9.659597,-9.629286
122,220.57858,17.510523,0.046395548,1487.2489,50.3152,16.487316,267.92276,56.336163,218.28163,658.38776,183.36311,153.61209,76.113144,72.26868,29.629946,13.8317995,3.637912,3.3231583,4.989756,3.8267236,2.3254566,7.0141068,4.574899,4.4343076,6.932169,6.9349904,3.256563,9.189017,9.196514,10.40512,10.391498,1.3096004,1.5283529,1.3096004,0.013157295,6.9084177,0.14891174,2.7615812,0.022255916,7.6253605,0.12206006,20578048000.0,22730732000.0,5321648600.0,-18.494963,-19.81708,-20.523031,-20.9001,-21.139286,0.0,0.8311201,0.8311201,-9.6105995,-9.639972,0,0.8208535,0.78640854,-9.05316,-9.0802
123,160.4294,18.910625,0.046977907,958.2505,62.52302,24.331385,254.70514,60.721622,116.521164,351.45474,158.3218,124.42149,142.7585,148.30559,18.977888,10.104879,3.076674,2.6891222,4.321684,2.9612968,1.5256231,4.601626,3.5689063,3.3449829,6.25037,5.739609,2.44877,9.069511,9.079088,9.943848,9.925713,1.2121174,1.3644487,1.2121174,0.007287869,5.444522,0.1072621,2.232498,0.021167696,7.0833483,0.14109203,11946767000.0,11552311000.0,2724569300.0,-18.645227,-19.747858,-20.272943,-20.546608,-20.703466,0.0,0.09564009,0.09564009,-9.8863,-9.92471,0,-0.18159567,-0.1881208,-9.543099,-9.563041
124,231.54259,13.698744,0.030099757,1322.0784,292.50726,103.25758,373.1564,82.69806,154.4469,465.8475,278.23477,239.80388,434.0258,362.41946,37.13569,14.122515,7.32286,5.7008862,7.354553,6.140632,2.4973502,7.5325766,6.9133925,6.566328,17.224977,16.874495,4.6719522,8.90121,8.90124,10.095148,10.081852,1.3162858,1.4096311,1.3162858,0.010083025,5.490031,0.22211948,2.5141656,0.045953784,8.089074,0.2982909,12572116000.0,14054184000.0,2824987600.0,-18.083874,-19.477701,-20.117582,-20.4102,-20.597927,0.0,-0.2019699,-0.2019699,-10.33936,-10.379167,0,-0.53776306,-0.5609602,-10.0329895,-10.05625
125,232.12505,14.470961,0.04657352,1197.9662,98.4026,32.99146,340.19492,89.844604,198.34276,598.24756,206.08925,157.62605,218.13905,190.44742,22.102743,11.697146,4.2091618,3.6847768,5.8726716,4.775098,2.2226841,6.704121,4.5203013,4.27633,9.956114,10.015233,2.9247413,9.058523,9.082749,10.05306,10.041441,1.189873,1.306791,1.189873,0.009013246,4.627171,0.06264823,1.8063283,0.013492886,5.3105135,0.08059354,13608974000.0,13581541000.0,3840742100.0,-18.615833,-19.636078,-20.22224,-20.522446,-20.70941,0.0,0.20057009,0.20057009,-9.88674,-9.928698,0,-0.015864141,-0.05123407,-9.55593,-9.573448
